Unnamed: 0.1,Unnamed: 0,Text,Sentiment,Timestamp,User,Platform,Hashtags,Retweets,Likes,Country,Year,Month,Day,Hour
2,2,Just finished an amazing workout! üí™,Positive,2023-01-15 15:45:00,FitnessFan,Instagram,#Fitness #Workout,20.0,40.0,USA,2023,1,15,15
4,4,Trying out a new recipe for dinner tonight.,Neutral,2023-01-15 19:55:00,ChefCook,Instagram,#Cooking #Food,12.0,25.0,Australia,2023,1,15,19
7,7,The new movie release is a must-watch!,Positive,2023-01-16 19:30:00,MovieBuff,Instagram,#MovieNight #MustWatch,15.0,30.0,USA,2023,1,16,19
10,10,Just published a new blog post. Check it out!,Positive,2023-01-17 15:15:00,BloggerX,Instagram,#Blogging #NewPost,22.0,45.0,USA,2023,1,17,15
13,13,"New year, new fitness goals! üí™",Positive,2023-01-18 18:00:00,FitJourney,Instagram,#NewYear #FitnessGoals,28.0,55.0,USA,2023,1,18,18
16,16,Just adopted a cute furry friend! üêæ,Positive,2023-01-19 17:10:00,PetAdopter,Instagram,#PetAdoption #FurryFriend,15.0,30.0,Canada,2023,1,19,17
19,19,Winter blues got me feeling low.,Negative,2023-01-20 15:15:00,WinterBlues,Instagram,#WinterBlues #Mood,8.0,15.0,USA,2023,1,20,15
22,22,Productive day ticking off my to-do list.,Positive,2023-01-21 16:45:00,ProductivityPro,Instagram,#Productivity #WorkFromHome,30.0,60.0,USA,2023,1,21,16
25,25,Sunday brunch with friends.,Positive,2023-01-22 12:00:00,BrunchBuddy,Instagram,#Brunch #Friends,15.0,30.0,UK,2023,1,22,12
28,29,Quiet evening with a good book.,Positive,2023-01-23 19:45:00,BookLover,Instagram,#Reading #QuietTime,15.0,30.0,Australia,2023,1,23,19
31,32,Weekend road trip to explore scenic views.,Positive,2023-01-24 17:30:00,RoadTripper,Instagram,#RoadTrip #ScenicViews,18.0,35.0,UK,2023,1,24,17
34,35,Feeling inspired after attending a workshop.,Positive,2023-01-26 09:45:00,WorkshopAttendee,Instagram,#Inspiration #Workshop,25.0,50.0,USA,2023,1,26,9
37,38,Attending a live music concert tonight.,Positive,2023-01-27 20:00:00,MusicLover,Instagram,#Music #ConcertNight,18.0,35.0,USA,2023,1,27,20
40,41,Excited about the upcoming gaming tournament.,Positive,2023-01-28 09:00:00,GamingEnthusiast,Instagram,#Gaming #Tournament,30.0,60.0,USA,2023,1,28,9
43,44,Feeling accomplished after a productive day.,Positive,2023-01-29 17:00:00,ProductivityWin,Instagram,#Accomplished #Success,22.0,45.0,India,2023,1,29,17
46,47,New book release from my favorite author!,Positive,2023-01-30 15:45:00,BookwormX,Instagram,#BookRelease #FavoriteAuthor,12.0,25.0,UK,2023,1,30,15
49,50,Cooking a special dinner for loved ones.,Positive,2023-01-31 19:00:00,ChefAtHome,Instagram,#Cooking #SpecialDinner,20.0,40.0,USA,2023,1,31,19
52,53,Sunday bike ride through scenic trails.,Positive,2023-02-01 13:30:00,BikeExplorer,Instagram,#BikeRide #ScenicTrails,18.0,35.0,USA,2023,2,1,13
54,56,Feeling a sense of fear after watching a thriller movie.,Fear,2023-02-11 21:15:00,ThrillerFan,Instagram,#Fear #ThrillerMovie,15.0,30.0,USA,2023,2,11,21
57,59,Pure happiness: celebrating a loved one's achievement!,Happiness,2023-02-13 10:00:00,ProudFriend,Instagram,#Happiness #Celebration,30.0,60.0,USA,2023,2,13,10
60,62,An amusing incident brightened up my day!,Amusement,2023-02-14 14:20:00,AmusedSoul,Instagram,#Amusement #FunTimes,18.0,35.0,UK,2023,2,14,14
63,65,Sending affectionate vibes to all my followers!,Affection,2023-02-15 16:00:00,AffectionSender,Instagram,#Affection #PositiveVibes,15.0,30.0,USA,2023,2,15,16
66,68,A surprise gift from a friend made my day!,Surprise,2023-02-16 14:45:00,HappySurprise,Instagram,#Surprise #Gift,25.0,50.0,USA,2023,2,16,14
69,71,Anticipating a thrilling adventure in the coming weeks.,Anticipation,2023-02-17 07:30:00,AdventureAwaits,Instagram,#Anticipation #Adventure,20.0,40.0,USA,2023,2,17,7
72,74,Confusion clouds my mind as I navigate through decisions.,Confusion,2023-02-18 14:20:00,ConfusedMind,Instagram,#Confusion #DecisionMaking,25.0,50.0,UK,2023,2,18,14
75,77,Pride in achieving a personal milestone.,Pride,2023-02-19 16:00:00,PersonalAchiever,Instagram,#Pride #Milestone,30.0,60.0,Australia,2023,2,19,16
78,80,The fear of the unknown is keeping me up at night.,Fear,2023-02-20 21:15:00,FearfulDreamer,Instagram,#Fear #Unknown,15.0,30.0,USA,2023,2,20,21
81,83,Overflowing happiness: welcoming a new family member!,Happiness,2023-02-22 10:00:00,NewParentJoy,Instagram,#Happiness #NewFamilyMember,30.0,60.0,UK,2023,2,22,10
84,86,Amused by the antics of my pet‚Äîit's pure amusement!,Amusement,2023-02-23 14:20:00,PetAmuser,Instagram,#Amusement #PetAntics,18.0,35.0,UK,2023,2,23,14
87,89,Sending affectionate vibes to friends and family.,Affection,2023-02-24 16:00:00,FamilyLover,Instagram,#Affection #FamilyLove,15.0,30.0,USA,2023,2,24,16
90,92,A surprise visit from an old friend brought tears of joy.,Surprise,2023-02-25 14:45:00,JoyfulReunion,Instagram,#Surprise #OldFriends,25.0,50.0,USA,2023,2,25,14
93,95,Anticipating the release of a much-awaited movie.,Anticipation,2023-02-26 07:30:00,MovieBuff2,Instagram,#Anticipation #MovieRelease,20.0,40.0,Australia,2023,2,26,7
96,98,Confusion reigns as I try to make sense of recent events.,Confusion,2023-02-27 14:20:00,ConfusedMind2,Instagram,#Confusion #MakingSense,25.0,50.0,UK,2023,2,27,14
99,101,Pride in completing a challenging fitness challenge.,Pride,2023-02-28 16:00:00,FitAchiever,Instagram,#Pride #FitnessChallengeCompleted,30.0,60.0,UK,2023,2,28,16
102,104,Excitement for a quiet evening with a good book.,Excitement,2023-03-01 13:30:00,BookwormJoy,Instagram,#Excitement #BookTime,18.0,35.0,USA,2023,3,1,13
105,107,Confusion surrounds me as I navigate through life's choices.,Confusion,2023-03-02 13:15:00,ConfusedMind3,Instagram,#Confusion #LifeChoices,30.0,60.0,USA,2023,3,2,13
108,110,Pride in accomplishing personal and professional goals.,Pride,2023-03-03 14:30:00,GoalAchiever,Instagram,#Pride #Accomplishments,12.0,25.0,Canada,2023,3,3,14
111,113,The victory of our team brought euphoria to the city.,Euphoria,2021-08-10 21:15:00,SportsFanatic,Instagram,#Euphoria #Victory,15.0,30.0,USA,2021,8,10,21
114,116,Overflowing with gratitude for life's blessings.,Gratitude,2012-11-25 10:00:00,ThankfulHeart,Instagram,#Gratitude #Blessed,30.0,60.0,Australia,2012,11,25,10
117,119,Compassion in action: supporting a local charity event.,Compassion,2015-07-18 14:20:00,CharitySupporter,Instagram,#Compassion #CharityEvent,18.0,35.0,Canada,2015,7,18,14
120,122,Enthusiastically diving into a new project.,Enthusiasm,2018-06-15 16:00:00,ProjectEnthusiast,Instagram,#Enthusiasm #NewProject,15.0,30.0,USA,2018,6,15,16
123,125,Elation after a surprise reunion with old friends.,Elation,2020-04-02 09:30:00,JoyfulReunion2,Instagram,#Elation #OldFriends,25.0,50.0,Canada,2020,4,2,9
126,128,Serenity found in the pages of a favorite book.,Serenity,2011-09-22 19:30:00,BookLover3,Instagram,#Serenity #BookTime,22.0,45.0,UK,2011,9,22,19
129,131,Empowerment through learning and personal growth.,Empowerment,2014-07-20 11:30:00,GrowthSeeker,Instagram,#Empowerment #PersonalGrowth,25.0,50.0,USA,2014,7,20,11
132,134,Arousal of excitement for an upcoming adventure.,Arousal,2017-04-30 11:30:00,AdventureAwaits,Instagram,#Arousal #AdventureTime,20.0,40.0,Australia,2017,4,30,11
135,137,Reverence for the artistry displayed in a museum.,Reverence,2020-11-11 15:00:00,ArtAppreciator,Instagram,#Reverence #ArtAppreciation,18.0,35.0,UK,2020,11,11,15
138,140,The euphoria of a surprise birthday celebration.,Euphoria,2018-11-05 21:45:00,BirthdayJoy,Instagram,#Euphoria #BirthdaySurprise,15.0,30.0,UK,2018,11,5,21
141,143,Gratitude for the supportive community around me.,Gratitude,2013-04-20 10:30:00,CommunityLove,Instagram,#Gratitude #CommunitySupport,30.0,60.0,USA,2013,4,20,10
144,146,Compassion shown through acts of kindness in the community.,Compassion,2019-01-15 14:50:00,KindnessInAction,Instagram,#Compassion #CommunityKindness,18.0,35.0,Australia,2019,1,15,14
147,149,Enthusiasm for a new artistic project in the works.,Enthusiasm,2020-09-17 16:30:00,ArtisticSpirit,Instagram,#Enthusiasm #ArtisticProject,15.0,30.0,USA,2020,9,17,16
150,152,Elation after achieving a fitness milestone.,Elation,2019-06-15 10:00:00,FitnessAchiever2,Instagram,#Elation #FitnessMilestone,25.0,50.0,UK,2019,6,15,10
153,155,Serenity found in the beauty of a sunset by the sea.,Serenity,2011-07-22 18:30:00,SunsetWatcher2,Instagram,#Serenity #SunsetViews,22.0,45.0,Canada,2011,7,22,18
156,158,Empowerment through learning a new skill.,Empowerment,2014-07-10 13:15:00,SkillEmpower,Instagram,#Empowerment #SkillBuilding,25.0,50.0,India,2014,7,10,13
159,161,Arousal of excitement for an upcoming festival.,Arousal,2017-09-25 11:30:00,FestivalFan,Instagram,#Arousal #FestivalExcitement,20.0,40.0,UK,2017,9,25,11
162,164,Reverence for the wonders of nature on a hiking trail.,Reverence,2020-05-11 15:00:00,NatureAdmirer,Instagram,#Reverence #NatureExploration,18.0,35.0,USA,2020,5,11,15
165,167,"Overwhelmed by grief, missing a loved one dearly.",Grief,2022-07-05 15:45:00,MourningHeart,Instagram,#Grief #Loss,8.0,15.0,Canada,2022,7,5,15
168,170,Resentment building up over past betrayals.,Resentment,2018-05-22 14:45:00,BitterHeart,Instagram,#Resentment #Bitterness,7.0,15.0,Australia,2018,5,22,14
171,173,"Anxiety grips my heart, worry clouds my thoughts.",Anxiety,2019-04-15 09:00:00,WorriedMind,Instagram,#Anxiety #Worry,12.0,25.0,UK,2019,4,15,9
174,176,Envy eats away at me as I see others' prosperity.,Envy,2018-11-07 11:30:00,CovetousMind,Instagram,#Envy #Desire,10.0,20.0,Canada,2018,11,7,11
177,179,"Drowning in despair, hope slipping through my fingers.",Despair,2016-04-02 20:20:00,HopelessHeart,Instagram,#Despair #Hopeless,10.0,20.0,USA,2016,4,2,20
180,182,"Jealousy gnaws at my confidence, a toxic emotion.",Jealousy,2018-06-03 16:30:00,SelfDoubt,Instagram,#Jealousy #Insecurity,8.0,15.0,India,2018,6,3,16
183,185,"Boredom settles like dust, life feels mundane.",Boredom,2016-11-28 19:00:00,MundaneHeart,Instagram,#Boredom #Monotony,7.0,15.0,Canada,2016,11,28,19
186,188,"Helplessness engulfs me, drowning in a sea of problems.",Helplessness,2019-05-08 14:20:00,OverwhelmedSoul,Instagram,#Helplessness #Struggling,8.0,15.0,Australia,2019,5,8,14
189,191,Disgust at the corruption that stains society.,Disgust,2016-07-01 09:45:00,CorruptedHeart,Instagram,#Disgust #Corruption,7.0,15.0,UK,2016,7,1,9
192,194,"Loneliness echoes in empty spaces, yearning for connection.",Loneliness,2019-09-12 18:10:00,EchoingSoul,Instagram,#Loneliness #YearningForConnection,15.0,30.0,Australia,2019,9,12,18
195,197,"Frustration escalates, a thunderstorm of emotions.",Frustration,2022-04-05 14:45:00,ThunderingMind,Instagram,#Frustration #EmotionalOutburst,12.0,25.0,UK,2022,4,5,14
198,200,"Lost in the vast sea of information, an indifferent wave in the digital ocean.",Indifference,2022-11-28 17:30:00,ApatheticObserver,Instagram,#Indifference #DigitalOverload,7.0,15.0,Canada,2022,11,28,17
201,203,"Gazing at the sunset, a melancholic longing for moments that slip through the fingers of time.",Melancholy,2019-06-18 20:45:00,SunsetDreamer,Instagram,#Melancholy #SunsetMoments,12.0,25.0,Australia,2019,6,18,20
204,206,"Embracing the ebb and flow of life, finding acceptance in the dance of existence.",Acceptance,2023-01-10 16:20:00,ZenLifestyle,Instagram,#Acceptance #LifeJourney,15.0,30.0,UK,2023,1,10,16
207,209,"Curiosity leading me down the rabbit hole of knowledge, a perpetual student in life's classroom.",Curiosity,2022-10-08 08:15:00,EternalLearner,Instagram,#Curiosity #KnowledgeQuest,20.0,40.0,USA,2022,10,8,8
210,212,"Numb to the chaos, emotions locked away, a stoic facade concealing the inner turmoil.",Numbness,2019-12-28 14:30:00,StoicSoul,Instagram,#Numbness #StoicFacade,8.0,15.0,Australia,2019,12,28,14
213,215,"A tapestry of conflicting feelings, weaving through uncertainty, caught in the threads of ambivalence.",Ambivalence,2022-01-05 10:30:00,ThreadWeaver,Instagram,#Ambivalence #ConflictingFeelings,12.0,25.0,UK,2022,1,5,10
216,218,"Tranquil moments by the ocean, serenity washing over, a peaceful retreat within the waves' embrace.",Serenity,2020-04-12 19:30:00,OceanSoul,Instagram,#Serenity #OceanRetreat,25.0,50.0,Canada,2020,4,12,19
219,221,"Wrestling with thoughts, a perplexed mind lost in the labyrinth of life's complexities.",Confusion,2020-08-05 12:15:00,ComplexThinker,Instagram,#Confusion #PerplexedMind,14.0,28.0,Australia,2020,8,5,12
222,224,"Flipping through the pages of an old yearbook, nostalgia painting smiles and tears on my face.",Nostalgia,2017-06-18 14:45:00,YearbookExplorer,Instagram,#Nostalgia #YearbookMemories,12.0,25.0,India,2017,6,18,14
225,227,"A fiery determination burning within, fueled by the vision of reaching unparalleled heights.",Determination,2021-09-10 14:45:00,VisionarySpirit,Instagram,#Determination #UnparalleledHeights,20.0,40.0,UK,2021,9,10,14
227,231,"Indifferent to the noise of the world, a silent observer in the midst of life's cacophony.",Indifference,2023-03-10 16:30:00,SilentSpectator,Instagram,#Indifference #SilentObserver,9.0,18.0,India,2023,3,10,16
230,234,"Melancholy painting the world in hues of nostalgia, a canvas of bittersweet memories.",Melancholy,2020-01-05 20:00:00,CanvasDreamer,Instagram,#Melancholy #BittersweetMemories,13.0,26.0,USA,2020,1,5,20
233,237,"Embracing imperfections, finding acceptance in the mosaic of life's beautiful chaos.",Acceptance,2021-07-20 16:20:00,MosaicDreamer,Instagram,#Acceptance #BeautifulChaos,18.0,36.0,Australia,2021,7,20,16
236,240,"Curiosity driving the exploration of the unknown, a seeker of knowledge in uncharted territories.",Curiosity,2022-05-08 08:45:00,SeekerOfUnknowns,Instagram,#Curiosity #SeekerOfKnowledge,22.0,45.0,UK,2022,5,8,8
239,243,"Wrapped in the cloak of emotional numbness, a shield against the storms of life's turbulence.",Numbness,2021-11-30 15:30:00,TurbulentShield,Instagram,#Numbness #EmotionalStorms,10.0,20.0,Canada,2021,11,30,15
242,246,"Ambivalence in the air, caught between the crossroads of conflicting emotions and decisions.",Ambivalence,2022-08-05 11:30:00,CrossroadsExplorer,Instagram,#Ambivalence #CrossroadsConfusion,15.0,30.0,Canada,2022,8,5,11
245,249,"Immerse in the serenity of a moonlit night, where the quiet whispers of nature bring peace to the soul.",Serenity,2020-05-12 19:30:00,MoonlitSoul,Instagram,#Serenity #MoonlitPeace,25.0,50.0,USA,2020,5,12,19
247,251,"Wrapped in the cloak of emotional numbness, a shield against the storms of life's turbulence.",Numbness,2021-11-30 15:30:00,TurbulentShield,Instagram,#Numbness #EmotionalStorms,10.0,20.0,Canada,2021,11,30,15
250,254,"Gazing towards the horizon with hopeful eyes, painting a canvas of dreams illuminated by the sun of optimism.",Hopeful,2022-04-18 08:00:00,DreamPainter,Instagram,#Hopeful #CanvasOfDreams,12.0,24.0,India,2022,4,18,8
253,257,"Extending a hand, empathetic threads weaving a tapestry of understanding, embracing the joys and sorrows of others.",Empathetic,2018-04-03 14:15:00,ThreadWeaver,Instagram,#Empathetic #TapestryOfUnderstanding,15.0,30.0,UK,2018,4,3,14
256,260,"Soaring on the wings of a free spirit, unburdened by the chains of conformity, painting the sky with independence.",Free-spirited,2021-08-15 11:10:00,SkyPainter,Instagram,#FreeSpirit #PaintingTheSky,20.0,40.0,India,2021,8,15,11
259,263,"Striding with confidence, footprints of self-assuredness imprinted on the sands of challenges conquered and victories claimed.",Confident,2022-02-15 13:15:00,SandStrider,Instagram,#Confident #FootprintsOfAssuredness,25.0,50.0,Australia,2022,2,15,13
261,265,"Unveiling the layers of curiosity, a labyrinth of questions leading to the treasure troves of undiscovered knowledge.",Curiosity,2020-11-29 14:45:00,KnowledgeSeeker,Instagram,#Curiosity #LabyrinthOfQuestions,17.0,34.0,USA,2020,11,29,14
264,268,"With a zestful heart, sprinting through fields of enthusiasm, chasing sunbeams and laughter in the meadows of joy.",Zest,2023-03-30 16:30:00,MeadowSprinter,Instagram,#Zest #FieldsOfEnthusiasm,16.0,32.0,India,2023,3,30,16
267,271,"Embraced by the hopeful dawn, a gardener sowing seeds of optimism, tending to the blooms of a brighter tomorrow.",Hopeful,2022-07-17 06:15:00,DawnGardener,Instagram,#Hopeful #SeedsOfOptimism,14.0,28.0,UK,2022,7,17,6
270,274,"Navigating the river of contentment, a serene boat cruise through the tranquil waters of inner peace and acceptance.",Contentment,2019-04-27 09:50:00,RiverNavigator,Instagram,#Contentment #TranquilWaters,20.0,40.0,Canada,2019,4,27,9
273,277,"Bathed in the golden hues of gratefulness, a sunset of appreciation casting its warm glow on the landscapes of the heart.",Grateful,2022-04-01 18:30:00,SunsetAdmirer,Instagram,#Grateful #GoldenHues,19.0,38.0,Australia,2022,4,1,18
276,280,"Playfully juggling responsibilities, a circus performer balancing the acts of work and joy, tossing laughter into the air.",Playful,2019-11-18 15:15:00,JugglingArtist,Instagram,#Playful #JugglingResponsibilities,25.0,50.0,USA,2019,11,18,15
279,283,"A compassionate rain, tears of empathy falling gently, nurturing the seeds of kindness in the garden of human connections.",Compassionate,2021-07-01 12:10:00,RainNurturer,Instagram,#Compassionate #TearsOfEmpathy,21.0,42.0,Canada,2021,7,1,12
281,285,"Embraced by the hopeful dawn, a gardener sowing seeds of optimism, tending to the blooms of a brighter tomorrow.",Hopeful,2022-07-17 06:15:00,DawnGardener,Instagram,#Hopeful #SeedsOfOptimism,14.0,28.0,UK,2022,7,17,6
284,288,"Navigating the river of contentment, a serene boat cruise through the tranquil waters of inner peace and acceptance.",Contentment,2019-04-27 09:50:00,RiverNavigator,Instagram,#Contentment #TranquilWaters,20.0,40.0,Canada,2019,4,27,9
287,291,"Bathed in the golden hues of gratefulness, a sunset of appreciation casting its warm glow on the landscapes of the heart.",Grateful,2022-04-01 18:30:00,SunsetAdmirer,Instagram,#Grateful #GoldenHues,19.0,38.0,Australia,2022,4,1,18
290,294,"Playfully juggling responsibilities, a circus performer balancing the acts of work and joy, tossing laughter into the air.",Playful,2019-11-18 15:15:00,JugglingArtist,Instagram,#Playful #JugglingResponsibilities,25.0,50.0,USA,2019,11,18,15
293,297,"A compassionate rain, tears of empathy falling gently, nurturing the seeds of kindness in the garden of human connections.",Compassionate,2021-07-01 12:10:00,RainNurturer,Instagram,#Compassionate #TearsOfEmpathy,21.0,42.0,Canada,2021,7,1,12
295,299,"Embraced by the hopeful dawn, a gardener sowing seeds of optimism, tending to the blooms of a brighter tomorrow.",Hopeful,2022-07-17 06:15:00,DawnGardener,Instagram,#Hopeful #SeedsOfOptimism,14.0,28.0,India,2022,7,17,6
297,301,"Drowning in the abyss of despair, a heart shattered into fragments, lost in the echoing silence of hopelessness.",Despair,2021-09-15 16:00:00,ShatteredHeart,Instagram,#Despair #EchoingSilence,8.0,16.0,Canada,2021,9,15,16
300,304,"Yearning for a touch that's not there, echoes of a distant warmth haunting the heart in the cold embrace of solitude.",Yearning,2020-11-02 19:30:00,ColdEmbrace,Instagram,#Yearning #DistantWarmth,10.0,20.0,Australia,2020,11,2,19
303,307,"Overwhelmed by the weight of the world, Atlas with trembling shoulders, each responsibility a boulder in the landscape of exhaustion.",Overwhelmed,2021-06-25 17:50:00,AtlasBearer,Instagram,#Overwhelmed #BouldersOfExhaustion,22.0,44.0,Canada,2021,6,25,17
306,310,"Frustrated fingers tapping on the keyboard, a symphony of annoyance composing an unsolvable puzzle of unmet expectations.",Frustrated,2020-12-17 09:20:00,PuzzleComposer,Instagram,#Frustrated #UnsolvablePuzzle,12.0,24.0,India,2020,12,17,9
309,313,"Shattered dreams lie on the floor like fragments of glass, a mosaic of disappointment crafted by the hands of frustration.",Frustrated,2022-01-07 11:10:00,DreamMosaic,Instagram,#Frustrated #MosaicOfDisappointment,15.0,30.0,Canada,2022,1,7,11
312,316,"Bitterness, a bitter aftertaste lingering on the tongue, each word a reminder of wounds that refuse to heal with the passing of time.",Bitterness,2020-04-05 16:20:00,LingeringTaste,Instagram,#Bitterness #BitterAftertaste,10.0,20.0,India,2020,4,5,16
315,319,"Devastated by the revelation of betrayal, the trust shattered like fragile glass, leaving shards of pain in its wake.",Devastated,2022-05-20 14:50:00,FragileTrust,Instagram,#Devastated #ShatteredTrust,25.0,50.0,Canada,2022,5,20,14
318,322,"Dismissive gestures, a curtain drawn to shield the vulnerability, a stage where emotions take a backseat to the performance of indifference.",Dismissive,2018-08-18 14:40:00,CurtainShield,Instagram,#Dismissive #IndifferencePerformance,12.0,24.0,Australia,2018,8,18,14
321,325,"Loneliness, a solitary moon in a starless sky, casting a cold glow on the landscape of isolation, where echoes bounce in empty spaces.",Loneliness,2017-12-01 18:50:00,SolitaryMoon,Instagram,#Loneliness #StarlessSky,18.0,36.0,USA,2017,12,1,18
324,328,"Apprehensive whispers in the wind, a forecast of uncertainty, the mind's weather vane spinning wildly in the storm of doubt.",Apprehensive,2021-06-10 10:00:00,WindWhisperer,Instagram,#Apprehensive #StormOfDoubt,14.0,28.0,Canada,2021,6,10,10
327,331,"Devastated, a heart in ruins, the echoes of shattered dreams reverberating in the chambers, a requiem for what once was whole.",Devastated,2022-10-28 11:15:00,RuinedHeart,Instagram,#Devastated #EchoesOfShatteredDreams,25.0,50.0,Australia,2022,10,28,11
330,334,"Dismissive gestures, a curtain drawn to shield the vulnerability, a stage where emotions take a backseat to the performance of indifference.",Dismissive,2018-08-18 14:00:00,IndifferentFort,Instagram,#Dismissive #IndifferencePerformance,12.0,24.0,Australia,2018,8,18,14
333,337,Awe-struck by the breathtaking sunrise over the mountains.,Awe,2022-04-03 06:15:00,NatureAdmirer,Instagram,#Awe #BreathtakingSunrise,28.0,55.0,USA,2022,4,3,6
336,340,Thrilled to witness the grandeur of a cultural festival.,Thrill,2020-09-15 14:45:00,CultureEnthusiast,Instagram,#Thrill #CulturalCelebration,40.0,80.0,India,2020,9,15,14
339,343,Excitement builds as the countdown to a long-awaited vacation begins.,Excitement,2023-01-10 12:00:00,VacationDreamer,Instagram,#Excitement #VacationCountdown,30.0,60.0,France,2023,1,10,12
341,345,Bittersweet emotions arise while bidding farewell to a dear friend.,Bittersweet,2020-03-15 18:30:00,FarewellSender,Instagram,#Bittersweet #Farewell,20.0,40.0,Japan,2020,3,15,18
343,347,Admiration for the intricate details of a handcrafted masterpiece.,Admiration,2019-08-20 16:00:00,CraftEnthusiast,Instagram,#Admiration #HandcraftedArt,25.0,50.0,USA,2019,8,20,16
345,349,Inspiration strikes while observing the colors of a vibrant sunset.,Inspiration,2020-06-10 20:45:00,SunsetWatcher,Instagram,#Inspiration #ColorfulSunset,30.0,60.0,UK,2020,6,10,20
348,352,Feeling empowered after conquering a challenging hiking trail.,Empowerment,2018-09-05 14:20:00,HikingExplorer,Instagram,#Empowerment #HikingAdventure,35.0,70.0,USA,2018,9,5,14
351,355,Joyful reunion with long-lost friends after years of separation.,JoyfulReunion,2020-11-18 17:10:00,FriendshipRenewal,Instagram,#JoyfulReunion #Friendship,20.0,40.0,India,2020,11,18,17
354,358,Feeling blessed for the supportive community in times of need.,Blessed,2021-09-10 09:45:00,CommunityHelper,Instagram,#Blessed #SupportiveCommunity,18.0,35.0,UK,2021,9,10,9
357,361,Reflecting on personal growth achieved through life experiences.,Reflection,2019-03-08 18:30:00,GrowthSeeker,Instagram,#Reflection #PersonalGrowth,35.0,70.0,USA,2019,3,8,18
360,364,Confidence soars after overcoming public speaking anxiety.,Confidence,2020-04-02 17:30:00,PublicSpeaker,Instagram,#Confidence #OvercomingAnxiety,15.0,30.0,USA,2020,4,2,17
363,367,Surprise and delight at discovering a hidden gem in the city.,Surprise,2019-10-18 16:45:00,CityExplorer,Instagram,#Surprise #HiddenGem,18.0,35.0,UK,2019,10,18,16
366,370,Optimism for a bright future amidst challenging times.,Optimism,2021-07-05 09:30:00,FutureOptimist,Instagram,#Optimism #BrightFuture,20.0,40.0,Canada,2021,7,5,9
369,373,Elation over discovering a rare book in a quaint bookstore.,Elation,2018-09-22 16:30:00,Bookworm,Instagram,#Elation #RareBookDiscovery,40.0,80.0,USA,2018,9,22,16
371,375,Mesmerized by the cosmic dance of fireflies on a moonlit night.,Enchantment,2022-08-10 22:00:00,NightSkyObserver,Instagram,#Enchantment #CosmicFireflies,25.0,50.0,Brazil,2022,8,10,22
374,378,Enveloped in serenity while practicing mindfulness by the lake.,Mindfulness,2017-10-20 08:15:00,ZenSeeker,Instagram,#Mindfulness #LakeTranquility,35.0,70.0,Canada,2017,10,20,8
377,381,Whimsical delight in a world of fairy tales and magical creatures.,Whimsy,2016-03-08 14:20:00,FairyTaleExplorer,Instagram,#Whimsy #MagicalWorld,20.0,40.0,USA,2016,3,8,14
380,384,Harmony resonates as musicians play a melody of unity and togetherness.,Harmony,2019-11-30 19:30:00,MusicHarmonist,Instagram,#Harmony #MusicalUnity,35.0,70.0,Sweden,2019,11,30,19
383,387,A sense of wonder at the vastness of the cosmos on a stargazing night.,Wonder,2018-07-08 23:00:00,CosmosExplorer,Instagram,#Wonder #StargazingAdventure,40.0,80.0,South Africa,2018,7,8,23
386,390,Savoring the warmth of a cup of cocoa on a chilly winter evening.,Coziness,2020-01-12 18:00:00,WinterWarmth,Instagram,#Coziness #WarmWinterEvening,30.0,60.0,Switzerland,2020,1,12,18
389,393,Euphoria floods in as the final puzzle piece clicks into place.,Euphoria,2022-06-08 15:30:00,PuzzleSolver,Instagram,#Euphoria #PuzzleCompletion,20.0,40.0,Denmark,2022,6,8,15
391,395,Captivated by the ethereal beauty of a field filled with fireflies.,Enchantment,2022-08-10 22:00:00,NightSkyObserver,Instagram,#Enchantment #FireflyField,25.0,50.0,Brazil,2022,8,10,22
394,398,Exploring the universe within during a mindful meditation session.,InnerJourney,2017-10-20 08:15:00,MindfulExplorer,Instagram,#InnerJourney #MeditationBliss,35.0,70.0,Canada,2017,10,20,8
397,401,Whimsical delight in a world of whimsical fairy tales.,Whimsy,2016-03-08 14:20:00,FairyTaleAdventurer,Instagram,#Whimsy #FairyTaleMagic,20.0,40.0,USA,2016,3,8,14
400,404,Harmony resonates as musicians play a symphony of unity.,Harmony,2019-11-30 19:30:00,MusicHarmonist,Instagram,#Harmony #MusicalUnity,35.0,70.0,Sweden,2019,11,30,19
403,407,Awe-inspired by the vastness of the cosmos on a stargazing night.,Wonder,2018-07-08 23:00:00,CosmosExplorer,Instagram,#Wonder #StargazingAdventure,40.0,80.0,South Africa,2018,7,8,23
406,410,Savoring the warmth of a cup of cocoa on a chilly winter evening.,Coziness,2020-01-12 18:00:00,WinterWarmth,Instagram,#Coziness #WarmWinterEvening,30.0,60.0,Switzerland,2020,1,12,18
409,413,Euphoria floods in as the final puzzle piece fits perfectly.,Euphoria,2022-06-08 15:30:00,PuzzleSolver,Instagram,#Euphoria #PerfectPuzzle,20.0,40.0,Denmark,2022,6,8,15
411,415,Curiosity awakened by the mysteries of an ancient archaeological site.,Curiosity,2015-11-08 10:00:00,ArchaeologyEnthusiast,Instagram,#Curiosity #AncientMysteries,18.0,35.0,Australia,2015,11,8,10
413,417,Contentment envelops as the aroma of freshly baked bread fills the air.,Contentment,2017-06-10 12:15:00,BreadLover,Instagram,#Contentment #FreshBreadAroma,28.0,55.0,France,2017,6,10,12
416,420,Drenched in nostalgia while flipping through an old family photo album.,Nostalgia,2016-12-05 21:00:00,FamilyHistorian,Instagram,#Nostalgia #FamilyPhotoAlbum,25.0,50.0,India,2016,12,5,21
419,423,Marveling at the kaleidoscope of colors in a vibrant street market.,Marvel,2015-08-22 15:00:00,MarketExplorer,Instagram,#Marvel #ColorfulStreetMarket,22.0,45.0,Brazil,2015,8,22,15
421,425,Drowning in sorrow as memories of lost love resurface.,Heartbreak,2019-08-05 21:00:00,LostInLove,Instagram,#Heartbreak #LostLove,15.0,30.0,USA,2019,8,5,21
424,428,"Despair clouds the mind, feeling adrift in an endless sea of darkness.",Despair,2016-05-15 22:30:00,LostInDarkness,Instagram,#Despair #EndlessDarkness,28.0,55.0,Australia,2016,5,15,22
427,431,"Emotional storm, a whirlwind of sadness engulfs every thought.",EmotionalStorm,2017-07-18 17:45:00,StormyFeelings,Instagram,#EmotionalStorm #SadnessWhirlwind,30.0,60.0,India,2017,7,18,17
430,434,"Isolation deepens, an emotional winter where warmth is but a distant memory.",Isolation,2020-04-02 14:20:00,WinterOfEmotions,Instagram,#Isolation #EmotionalWinter,35.0,70.0,Japan,2020,4,2,14
433,437,"Heartache deepens, a solitary journey through the abyss of despair.",Despair,2022-08-18 22:00:00,SolitaryDescent,Instagram,#Despair #AbyssOfHeartache,40.0,80.0,South Africa,2022,8,18,22
436,440,"Emotional exhaustion, the weight of the world crushing weary shoulders.",Exhaustion,2021-09-05 13:30:00,WearySoulCrushed,Instagram,#Exhaustion #CrushedSpirit,35.0,70.0,Canada,2021,9,5,13
439,443,"Desperation whispers, the silent plea for a glimmer of hope in the abyss.",Desperation,2019-04-30 14:00:00,WhisperedDespair,Instagram,#Desperation #GlimmerOfHope,22.0,45.0,France,2019,4,30,14
442,446,"Avoiding the thorns of regret, walking barefoot on the path of remorse.",Regret,2022-04-18 11:30:00,RemorseWalker,Instagram,#Regret #PathOfRemorse,25.0,50.0,Canada,2022,4,18,11
445,449,"The bitterness of betrayal, a taste that lingers, staining the palate of trust.",Bitterness,2019-10-22 17:00:00,PalateStainer,Instagram,#Bitterness #StainedTrust,15.0,30.0,Germany,2019,10,22,17
448,452,"Tears, the ink staining the pages of a journal, a testament to silent grief.",Grief,2023-01-28 14:30:00,InkJournalist,Instagram,#Grief #SilentTears,30.0,60.0,India,2023,1,28,14
451,455,"Suffocating in the silence of solitude, where echoes of laughter once thrived.",Isolation,2022-05-20 20:30:00,EchoedLaughter,Instagram,#Isolation #SilentSolitude,30.0,60.0,South Africa,2022,5,20,20
454,458,"Sinking like autumn leaves in the river of sorrow, carried away by the current.",Sorrow,2020-09-15 18:15:00,RiverOfSorrow,Instagram,#Sorrow #AutumnLeaves,22.0,45.0,Canada,2020,9,15,18
457,461,"Wandering in the maze of betrayal, the walls closing in with every wrong turn.",Betrayal,2021-01-05 16:20:00,MazeWanderer,Instagram,#Betrayal #ClosingWalls,15.0,30.0,Germany,2021,1,5,16
460,464,"Like a withered rose in the garden of love, petals fall, a silent surrender to time.",Loss,2023-02-10 14:30:00,WitheredRose,Instagram,#Loss #SilentSurrender,28.0,55.0,France,2023,2,10,14
461,465,"In the void of heartache, echoes of a love song play, each note a pang of longing.",Heartache,2022-07-10 22:15:00,LoveSongEcho,Instagram,#Heartache #LoveSongLonging,30.0,60.0,Japan,2022,7,10,22
464,468,"Betrayal, a venomous serpent slithering through the garden of trust, poisoning roots.",Betrayal,2021-03-02 17:45:00,VenomousGarden,Instagram,#Betrayal #PoisonedTrust,25.0,50.0,Canada,2021,3,2,17
467,471,"Swept away by the river of regret, the currents of the past refusing to release.",Regret,2017-04-28 16:20:00,RegretRiver,Instagram,#Regret #PastCurrents,18.0,35.0,UK,2017,4,28,16
470,474,"The echoes of solitude, a silent conversation between a soul and its shadows.",Solitude,2016-06-15 22:30:00,EchoedConversation,Instagram,#Solitude #ShadowConversation,30.0,60.0,Spain,2016,6,15,22
471,475,"Dancing on sunshine, each step a celebration of the joy found in simple moments.",Joy,2021-08-20 15:45:00,SunshineDancer,Instagram,#Joy #SimpleMoments,40.0,80.0,USA,2021,8,20,15
474,478,"Chasing dreams under the vibrant sky, a journey fueled by hope and enthusiasm.",Enthusiasm,2019-10-28 14:15:00,DreamChaser,Instagram,#Enthusiasm #HopefulJourney,30.0,60.0,Australia,2019,10,28,14
477,481,"In the dance of positivity, every step is a rhythm, uplifting the soul in harmony.",Positivity,2016-09-18 19:45:00,DanceHarmony,Instagram,#Positivity #SoulUpliftment,18.0,35.0,France,2016,9,18,19
480,484,"In the garden of friendships, each bloom a testament to the beauty of camaraderie.",Friendship,2018-08-28 16:00:00,FriendshipGarden,Instagram,#Friendship #CamaraderieBlooms,30.0,60.0,South Africa,2018,8,28,16
482,486,"Surrounded by the colors of joy, a canvas painted with laughter and endless smiles.",Joy,2019-07-02 17:00:00,ColorfulLaughter,Instagram,#Joy #EndlessSmiles,40.0,80.0,Canada,2019,7,2,17
485,489,"Lost in the maze of curiosity, each twist and turn unveils the treasures of discovery.",Curiosity,2018-09-22 12:45:00,MazeDiscovery,Instagram,#Curiosity #TreasuresOfDiscovery,22.0,45.0,India,2018,9,22,12
488,492,"In the celebration of success, fireworks of accomplishment light up the night sky of triumph.",Success,2017-11-15 22:30:00,FireworksTriumph,Instagram,#Success #NightSkyTriumph,22.0,45.0,Japan,2017,11,15,22
490,494,"In the carnival of emotions, the rollercoaster of thrill sends the heart on a wild ride.",Thrill,2019-03-28 15:30:00,EmotionCarnival,Instagram,#Thrill #WildHeartRide,35.0,70.0,South Africa,2019,3,28,15
492,496,"Lost in the enchantment of Disneyland, each ride a journey into the realm of childhood fantasies.",Enchantment,2022-09-28 15:45:00,DisneylandExplorer,Instagram,#Enchantment #ChildhoodFantasies,30.0,60.0,USA,2022,9,28,15
494,498,"Amidst the tulip fields of Keukenhof, a tapestry of colors that paints the soul with springtime joy.",Joy,2021-04-02 18:20:00,KeukenhofAdventurer,Instagram,#Joy #SpringtimeColors,35.0,70.0,Netherlands,2021,4,2,18
496,500,"In the embrace of the Grand Canyon, nature's masterpiece, a moment to marvel at Earth's grandeur.",Awe,2020-06-15 16:45:00,CanyonMarveler,Instagram,#Awe #EarthsGrandeur,25.0,50.0,USA,2020,6,15,16
499,503,"Embarking on a gondola ride in Venice, each canal reflecting the romance of this timeless city.",Romance,2019-04-18 16:30:00,VeniceRomantic,Instagram,#Romance #TimelessCity,20.0,40.0,Italy,2019,4,18,16
501,505,"In the heart of New York City, Times Square dazzles with lights, a vibrant spectacle of urban energy.",Excitement,2022-07-20 21:45:00,TimesSquareExplorer,Instagram,#Excitement #UrbanEnergy,35.0,70.0,USA,2022,7,20,21
504,508,"In the midst of the Amazon rainforest, a symphony of wildlife creates an orchestra of nature's wonders.",Wonder,2021-06-10 16:00:00,AmazonExplorer,Instagram,#Wonder #NatureOrchestra,30.0,60.0,Brazil,2021,6,10,16
507,511,"Exploring the ancient ruins of Angkor Wat, each stone whispering stories of Khmer civilization.",Exploration,2016-11-22 13:00:00,AngkorWatAdventurer,Instagram,#Exploration #KhmerStories,20.0,40.0,Cambodia,2016,11,22,13
510,514,"Cruising the fjords of Norway, each icy landscape a breathtaking masterpiece of nature's grandeur.",Grandeur,2018-05-28 18:30:00,NorwayFjordExplorer,Instagram,#Grandeur #IcyMasterpiece,22.0,45.0,Norway,2018,5,28,18
511,515,"At the front row of Adele's concert, each note of 'Someone Like You' resonates with soul-stirring emotion.",Emotion,2022-09-15 20:00:00,AdeleConcertGoer,Instagram,#Emotion #AdeleConcert,40.0,80.0,USA,2022,9,15,20
514,518,"Rocking out to the guitar solos at a Queen tribute concert, a journey back in time with Freddie's spirit.",Nostalgia,2018-12-02 22:15:00,QueenTributeFan,Instagram,#Nostalgia #QueenTribute,22.0,45.0,UK,2018,12,2,22
517,521,"At a Michael Jackson tribute show, moonwalking through the hits, a celebration of the King of Pop.",Celebration,2022-01-15 21:15:00,MJTributeDancer,Instagram,#Celebration #MJTribute,25.0,50.0,USA,2022,1,15,21
520,524,"Experiencing the magic of a Coldplay concert, where 'Fix You' becomes a beacon of hope in the night.",Hope,2016-11-28 19:00:00,ColdplayHopeSeeker,Instagram,#Hope #ColdplayMagic,30.0,60.0,UK,2016,11,28,19
521,525,"At a Justin Bieber concert, the infectious beats of 'Baby' create a dance floor of unbridled enthusiasm.",Enthusiasm,2018-08-05 20:00:00,BieberDanceEnthusiast,Instagram,#Enthusiasm #JustinBieber,40.0,80.0,Canada,2018,8,5,20
524,528,"Drenched in confetti at a Katy Perry concert, a kaleidoscope of colors igniting the night sky.",Colorful,2020-06-22 22:00:00,KatyPerryColorExplosion,Instagram,#Colorful #KatyPerry,22.0,45.0,USA,2020,6,22,22
527,531,"At a U2 concert, the anthemic chords of 'With or Without You' create a timeless moment of connection.",Connection,2016-05-15 19:30:00,U2ConnectionSeeker,Instagram,#Connection #U2Anthem,25.0,50.0,Ireland,2016,5,15,19
530,534,"Swaying to the reggae vibes of Bob Marley's tribute concert, each chord a journey to Jamaica's soul.",Journey,2020-03-05 18:45:00,MarleyReggaeTraveler,Instagram,#Journey #BobMarleyTribute,30.0,60.0,Jamaica,2020,3,5,18
532,536,"As the credits roll, a profound sense of nostalgia washes over, reminiscent of cherished moments in classic films.",Nostalgia,2019-06-25 22:15:00,FilmLoverNostalgiaSeeker,Instagram,#Nostalgia #ClassicFilmMoments,35.0,70.0,UK,2019,6,25,22
535,539,"Watching a heartwarming family drama, tears flow freely as the characters overcome challenges, leaving the viewer with a warm glow.",Touched,2021-01-15 18:00:00,DramaEnthusiastHeartwarmingMoments,Instagram,#Touched #FamilyDramaMoments,28.0,55.0,India,2021,1,15,18
538,542,"As the movie credits roll, the viewer experiences a mix of awe and contemplation, pondering the deeper meanings woven into the storyline.",Contemplation,2019-11-05 21:15:00,FilmBuffContemplativeViewer,Instagram,#Contemplation #DeepMeanings,28.0,55.0,Germany,2019,11,5,21
541,545,"Celebrating a historic victory in the World Cup, the nation erupts in joy, united by the triumph of their football team.",Joy,2018-07-15 21:30:00,FootballFanWorldCupCelebration,Instagram,#Joy #WorldCupTriumph,40.0,80.0,Brazil,2018,7,15,21
544,548,"Witnessing a record-breaking marathon, spectators are filled with awe and admiration for the endurance and dedication of the runners.",Admiration,2021-11-07 17:30:00,MarathonSpectatorRecordBreaking,Instagram,#Admiration #MarathonRecords,22.0,45.0,Kenya,2021,11,7,17
547,551,"At the golf tournament, the golfer's precision and focus lead to a stunning victory, leaving spectators in awe of their exceptional skill.",Awe,2016-04-10 18:30:00,GolfEnthusiastPrecisionVictory,Instagram,#Awe #GolfVictory,22.0,45.0,Scotland,2016,4,10,18
550,554,"Witnessing a heartwarming comeback in the hockey finals, fans share tears of joy as the team secures a historic victory after adversity.",Heartwarming,2020-12-12 20:00:00,HockeyFanComebackVictory,Instagram,#Heartwarming #HockeyFinalsComeback,22.0,45.0,Canada,2020,12,12,20
552,556,"In the tennis tournament, a highly anticipated player experiences a setback, leaving fans in shock and questioning the unforeseen turn of events.",Frustration,2018-07-10 21:15:00,TennisEnthusiastUnexpectedSetback,Instagram,#Frustration #TennisSetback,35.0,70.0,USA,2018,7,10,21
555,559,"The gymnast's unexpected fall during a routine sparks a wave of sympathy from the audience, highlighting the vulnerability of sports.",Sympathy,2021-04-05 20:15:00,GymnasticsFanRoutineFall,Instagram,#Sympathy #GymnasticsFall,28.0,55.0,Japan,2021,4,5,20
558,562,"Despite meticulous training, the swimmer faces disappointment as a split-second miscalculation costs them the lead in a crucial race.",Miscalculation,2015-06-28 20:00:00,SwimmingEnthusiastRaceSetback,Instagram,#Miscalculation #SwimmingDisappointment,28.0,55.0,Australia,2015,6,28,20
561,565,"In the serene beauty of a sunset, nature unfolds a canvas of colors, evoking a sense of tranquility and wonder.",Tranquility,2021-07-10 19:00:00,NatureEnthusiastSunsetWonder,Instagram,#Tranquility #SunsetBeauty,40.0,80.0,Canada,2021,7,10,19
564,568,"Exploring the vibrant street art of a cultural neighborhood, each mural tells a story, infusing the city with creativity and expression.",Creativity,2017-11-05 21:15:00,ArtEnthusiastStreetArtExploration,Instagram,#Creativity #StreetArtVibes,22.0,45.0,Brazil,2017,11,5,21
567,571,"Embracing the aroma of freshly baked bread, the home chef finds joy in the art of baking, creating delicious memories for loved ones.",Joy in Baking,2023-04-10 17:15:00,HomeBakerDeliciousMemories,Instagram,#JoyInBaking #HomemadeDelights,22.0,45.0,India,2023,4,10,17
570,574,"Capturing the essence of a bustling market, the photographer freezes moments in time, each frame telling a unique and vibrant story.",Vibrancy,2019-03-22 21:45:00,PhotographyEnthusiastMarketMoments,Instagram,#Vibrancy #MarketStories,22.0,45.0,Australia,2019,3,22,21
572,576,"In the heart of a bustling market, the street food connoisseur indulges in a culinary adventure, savoring diverse flavors and aromas.",Culinary Adventure,2019-08-28 19:30:00,FoodieMarketStreetFoodExploration,Instagram,#CulinaryAdventure #StreetFoodDelights,35.0,70.0,Thailand,2019,8,28,19
575,579,"Surrounded by the vibrant colors of a flower garden, the gardener nurtures blossoms, finding joy in the beauty of nature's ever-changing canvas.",Nature's Beauty,2020-05-15 18:30:00,GardeningEnthusiastFlowerGarden,Instagram,#NaturesBeauty #FloralJoy,28.0,55.0,Australia,2020,5,15,18
578,582,"In the realm of fashion, the designer unveils a collection that tells a story, blending innovation and tradition on the runway of creativity.",Runway Creativity,2015-11-10 21:00:00,FashionEnthusiastDesignerShowcase,Instagram,#RunwayCreativity #FashionInnovation,28.0,55.0,Italy,2015,11,10,21
582,586,Ran out of snacks during a movie marathon. Crisis level: Emergency! #MovieNightStruggles #TeenProblems,Boredom,2023-05-21 21:00:00,MovieBuff,Instagram,#SnackCrisis #TeenLife,18.0,35.0,Canada,2023,5,21,21
585,589,Decided to study for exams but ended up making memes about studying instead. Procrastination level: Expert. #ProcrastinationNation #TeenConfessions,Surprise,2023-05-24 13:15:00,MemeCreator,Instagram,#StudyingMemes #TeenLife,25.0,50.0,Canada,2023,5,24,13
588,592,"Entered the kitchen with the intention to cook. Left with a bag of chips. Cooking is overrated, anyway. #MasterChefInTraining #TeenHumor",Disgust,2023-05-27 21:15:00,ChipExplorer,Instagram,#TeenChef #CookingFail,22.0,45.0,Canada,2023,5,27,21
591,595,"Bought a new video game, played for hours, forgot to eat. The ultimate gaming session. #GamerLife #NoFoodGaming",Excitement,2023-05-30 20:45:00,GamingEnthusiast,Instagram,#GameOn #TeenGamer,22.0,45.0,USA,2023,5,30,20
594,598,Decided to learn a new instrument. Day one: Still trying to figure out how to hold it. #MusicNovice #LearningJourney,Frustration,2023-06-02 14:30:00,MusicalExplorer,Instagram,#InstrumentLearning #TeenMusic,28.0,55.0,UK,2023,6,2,14
597,601,Spontaneously booked a weekend getaway. Adventure awaits! #TravelBug #WeekendEscape,Excitement,2023-06-05 10:00:00,AdventureSeeker,Instagram,#GetawayGoals #TeenTravel,18.0,35.0,UK,2023,6,5,10
600,604,Embarked on a DIY home decor project. Let's hope it turns out better than last time. #DIYAdventure #TeenHomeDecor,Excitement,2023-06-08 16:00:00,HomeDecorator,Instagram,#DIYGoals #TeenCreative,35.0,70.0,UK,2023,6,8,16
603,607,Relishing a peaceful afternoon with a classic novel. Quiet moments are the best moments. #BookLover #PeacefulAfternoon,Contentment,2023-06-11 15:30:00,NovelEnthusiast,Instagram,#QuietMoments #BookishEscape,35.0,70.0,USA,2023,6,11,15
606,610,Savoring the flavors of a home-cooked meal. Simple joys are the heart of happiness. #HomeCooking #SimpleJoys,Contentment,2023-06-14 19:30:00,HomeChefSenior,Instagram,#HappinessInFood #SeniorLife,25.0,50.0,USA,2023,6,14,19
609,613,Capturing the beauty of nature through photography. Every snapshot is a treasure. #NaturePhotography #SeniorPhotographer,Joy,2023-06-17 15:00:00,PhotographySenior,Instagram,#NatureCapture #SeniorMoments,35.0,70.0,USA,2023,6,17,15
612,616,"Joined a community choir, harmonizing with fellow voices. Music creates bonds that withstand time. #CommunityChoir #HarmonyInAging",Joy,2023-06-20 14:20:00,ChoirEnthusiast,Instagram,#MusicHarmony #SeniorVoices,20.0,40.0,USA,2023,6,20,14
615,619,"Sipping on a favorite vintage wine, each sip telling a story of the years gone by. Cheers to a life well-lived. #WineLover #VintageCheers",Contentment,2023-06-23 18:45:00,WineConnoisseur,Instagram,#LifeWellLived #SeniorWine,28.0,55.0,UK,2023,6,23,18
618,622,"Attended a lecture on history, always fascinated by the lessons from the past. Learning is a lifelong adventure. #HistoryLecture #SeniorLearning",Curiosity,2023-06-26 14:00:00,HistoryEnthusiast,Instagram,#LifetimeAdventure #SeniorCuriosity,30.0,60.0,UK,2023,6,26,14
621,625,"Attended a jazz concert and swayed to the rhythm of timeless tunes. Music, a constant companion in the golden years. #JazzConcert #SeniorMusic",Joy,2023-06-29 16:30:00,JazzMusicLover,Instagram,#TimelessTunes #SeniorJazz,25.0,50.0,USA,2023,6,29,16
623,627,"Embarked on a solo travel adventure, discovering the beauty of new places at my own pace. #SoloTravel #SeniorExplorer",Excitement,2023-07-01 14:00:00,SoloAdventurer,Instagram,#DiscoverNewPlaces #SeniorTravel,30.0,60.0,USA,2023,7,1,14
626,630,"Hosted a family dinner, where laughter echoed louder than the clinking of utensils. Family, the heart of happiness. #FamilyDinner #SeniorHost",Contentment,2023-07-04 17:00:00,FamilyHostSenior,Instagram,#HeartwarmingMoments #SeniorFamily,35.0,70.0,USA,2023,7,4,17
629,633,"Started a book club for seniors, where discussions are as lively as the characters in the novels. #BookClub #SeniorReaders",Joy,2023-07-07 19:45:00,SeniorBookClub,Instagram,#BookishTalks #SeniorBookworms,22.0,45.0,UK,2023,7,7,19
632,636,"Embarked on a hiking adventure, conquering trails and relishing the beauty of nature. Age is just a number on the mountaintop. #HikingAdventure #SeniorHiker",Excitement,2023-07-10 14:20:00,SeniorHikerExplorer,Instagram,#NatureTrailBlazer #SeniorExplorer,28.0,55.0,UK,2023,7,10,14
635,639,"Attended a wine tasting event, savoring the richness of flavors that age like fine wine. Cheers to the golden years! #WineTasting #SeniorWineLover",Joy,2023-07-13 20:00:00,SeniorWineConnoisseur,Instagram,#AgedToPerfection #SeniorCheers,35.0,70.0,UK,2023,7,13,20
638,642,"Hosted a 'memory lane' evening with old friends, reminiscing about the adventures that shaped our lives. #MemoryLane #SeniorReminiscing",Gratitude,2023-07-16 14:00:00,SeniorMemoriesHost,Instagram,#FriendshipAdventures #SeniorNostalgia,30.0,60.0,USA,2023,7,16,14
641,645,"Started a blog sharing the wisdom gained through the years, proving that every day is a chance to learn and grow. #SeniorWisdom #Blog",Gratitude,2023-07-19 19:45:00,WisdomBloggerSenior,Instagram,#LifeLessons #SeniorBlog,22.0,45.0,UK,2023,7,19,19
643,647,"Survived a challenging physics exam. Equations, you won't defeat me!",Relief,2023-08-01 13:30:00,PhysicsWhizHighSchool,Instagram,#PhysicsSurvivor #HighSchoolAdventures,20.0,40.0,USA,2023,8,1,13
646,650,"Started a photography club at school. Capturing moments, one snapshot at a time!",Joy,2023-08-04 16:30:00,PhotoClubHighSchool,Instagram,#PhotographyClub #HighSchoolPhotographer,22.0,45.0,USA,2023,8,4,16
649,653,"Accidentally spilled paint in art class. Abstract art, right? #ArtClassAdventures #HighSchoolArtist",Embarrassed,2023-08-07 19:45:00,PaintSpillHighSchool,Instagram,#ArtisticMishaps #HighSchoolArt,22.0,45.0,UK,2023,8,7,19
652,656,Spent hours perfecting a chemistry experiment. Mixing potions like a wizard!,Joy,2023-08-10 14:20:00,ChemistryWizardHighSchool,Instagram,#ChemistryWizard #HighSchoolScientist,28.0,55.0,UK,2023,8,10,14
655,659,Got my hands on the latest fantasy novel. Diving into realms of magic and adventure!,Excitement,2023-08-13 20:00:00,FantasyBookNerdHighSchool,Instagram,#FantasyBookNerd #HighSchoolReader,35.0,70.0,UK,2023,8,13,20
658,662,Sneaking snacks into class like a pro. The art of snack-smuggling is a sacred skill!,Mischievous,2023-08-16 14:00:00,SnackSmugglerHighSchool,Instagram,#SnackSmuggler #HighSchoolSnacks,30.0,60.0,USA,2023,8,16,14
661,665,Accidentally liked my crush's old photo while stalking their profile. Awkward level: Maximum!,Embarrassed,2023-08-19 19:45:00,SocialMediaBlunderHighSchool,Instagram,#SocialMediaBlunder #HighSchoolAwkward,22.0,45.0,UK,2023,8,19,19
663,667,Mastered the art of creating paper airplanes during lecture. Paper planes: Soaring to new heights!,Joy,2023-08-21 15:45:00,PaperPlaneExpertHighSchool,Instagram,#PaperPlaneExpert #HighSchoolArt,15.0,30.0,USA,2023,8,21,15
666,670,Planning a surprise scavenger hunt for friends. Anticipating the thrill and excitement!,Excitement,2023-08-24 18:20:00,ScavengerHuntMasterHighSchool,Instagram,#SurpriseAdventure #HighSchoolFun,20.0,38.0,UK,2023,8,24,18
669,673,Tried a magic trick to impress classmates. Magic fail: Where did that rabbit go?,Embarrassed,2023-08-27 20:45:00,MagicFailHighSchool,Instagram,#MagicFail #HighSchoolMagic,22.0,45.0,UK,2023,8,27,20
671,675,Attempting to set a new record for the most consecutive hacky sack kicks. Hacky sack skills: Unleashed!,Excitement,2023-08-29 13:45:00,HackySackChampionHighSchool,Instagram,#HackySackChallenge #HighSchoolAthlete,26.0,48.0,Canada,2023,8,29,13
674,678,Practicing a stand-up comedy routine for the upcoming talent show. Comedy gig: In the making!,Joy,2023-09-01 14:45:00,ComedyGeniusHighSchool,Instagram,#StandUpComedy #HighSchoolTalent,21.0,39.0,Canada,2023,9,1,14
677,681,Crafting intricate friendship bracelets for the whole squad. Friendship level: Expert weaver!,Joy,2023-09-04 15:15:00,BraceletCraftsmanHighSchool,Instagram,#FriendshipBracelets #HighSchoolCrafts,19.0,37.0,USA,2023,9,4,15
680,684,Experimenting with a new hair color. A bold change for a bold semester!,Excitement,2023-09-07 18:20:00,HairColorExperimentHighSchool,Instagram,#HairExperiment #HighSchoolStyle,20.0,39.0,USA,2023,9,7,18
683,687,Trying out a new smoothie recipe for a healthy start to the week. Smoothie enthusiast: Level up!,Excitement,2023-09-10 20:45:00,SmoothieConnoisseurHighSchool,Instagram,#HealthyLiving #HighSchoolWellness,23.0,42.0,UK,2023,9,10,20
685,689,Encountered some mean-spirited comments online. Dealing with online hate is never easy.,Hate,2023-09-12 12:30:00,DealingWithHateHighSchool,Instagram,#OnlineHate #HighSchoolReality,18.0,36.0,Canada,2023,9,12,12
688,692,Witnessed a heated argument in the cafeteria. Unpleasant atmosphere at lunch.,Hate,2023-09-15 14:15:00,CafeteriaConflictHighSchool,Instagram,#CafeteriaDrama #HighSchoolTension,21.0,41.0,Canada,2023,9,15,14
691,695,Feeling lonely on a Saturday night. Sometimes solitude hits harder than expected.,Sad,2023-09-18 22:00:00,LonelySaturdayHighSchool,Instagram,#LonelyNights #HighSchoolEmotions,16.0,31.0,Canada,2023,9,18,22
694,698,Missing an important event due to unforeseen circumstances. A day filled with sadness.,Sad,2023-09-21 16:45:00,MissedOpportunityHighSchool,Instagram,#MissedChances #HighSchoolRegret,20.0,39.0,Canada,2023,9,21,16
697,701,Feeling a sense of emptiness after a close friend moves away. Farewells are always sad.,Sad,2023-09-24 17:30:00,FriendMovingAwayHighSchool,Instagram,#SayingGoodbye #HighSchoolEmotions,21.0,42.0,Canada,2023,9,24,17
700,704,Having a bad hair day and feeling self-conscious. Bad hair days can affect confidence.,Bad,2023-09-27 17:30:00,BadHairDayBluesHighSchool,Instagram,#BadHairDay #HighSchoolConfidence,18.0,36.0,Canada,2023,9,27,17
703,707,Having a string of bad luck with constant technology malfunctions. Tech troubles galore!,Bad,2023-09-30 18:20:00,TechMalfunctionWoesHighSchool,Instagram,#TechIssues #HighSchoolTech,22.0,43.0,Canada,2023,9,30,18
705,709,Trying out a new study technique for upcoming exams. Exploring different learning strategies.,Neutral,2023-10-02 16:45:00,StudyTechniqueExperimentHighSchool,Instagram,#StudyStrategies #HighSchoolExams,23.0,42.0,USA,2023,10,2,16
708,712,Experimenting with a new recipe for a school bake sale. Baking adventures in the kitchen.,Neutral,2023-10-05 14:15:00,BakeSaleRecipeExperimentHighSchool,Instagram,#BakingAdventures #HighSchoolBakes,21.0,43.0,USA,2023,10,5,14
710,714,Attending a school club meeting to explore new interests. Dabbling in extracurricular activities.,Neutral,2023-10-07 20:45:00,ExtracurricularExplorationHighSchool,Instagram,#SchoolClubs #HighSchoolInterests,22.0,45.0,UK,2023,10,7,20
713,717,Exploring a new hobby of photography during free time. Capturing moments through a lens.,Neutral,2023-10-10 14:15:00,PhotographyHobbyHighSchool,Instagram,#PhotographyJourney #HighSchoolHobbies,25.0,49.0,UK,2023,10,10,14
716,720,Volunteering at a local charity event to give back to the community. Contributing to social causes.,Neutral,2023-10-13 12:30:00,CharityEventVolunteerHighSchool,Instagram,#CommunityService #HighSchoolVolunteer,20.0,39.0,UK,2023,10,13,12
719,723,Celebrating a friend's birthday with a surprise party. Joyful moments and laughter all around!,Happy,2023-10-16 15:45:00,BirthdaySurpriseHighSchool,Instagram,#SurpriseParty #HighSchoolCelebration,27.0,52.0,UK,2023,10,16,15
722,726,"Exploring a new hiking trail with friends over the weekend. Nature, laughter, and good vibes!",Happy,2023-10-19 18:20:00,WeekendHikeHighSchool,Instagram,#NatureAdventures #HighSchoolFriends,21.0,42.0,UK,2023,10,19,18
725,729,Creating a beautiful mural with fellow art enthusiasts. The power of collaboration and creativity!,Happy,2023-10-22 20:45:00,MuralCreationHighSchool,Instagram,#ArtCollaboration #HighSchoolCreativity,22.0,43.0,UK,2023,10,22,20
726,730,Participating in a school-wide art exhibition. Witnessing creativity and spreading positive vibes!,Happy,2015-11-10 16:45:00,ArtExhibitionJoyHighSchool,Instagram,#ArtisticExpression #HighSchoolCreativity,23.0,44.0,USA,2015,11,10,16
729,733,"Attending a surprise birthday party organized by friends. Surrounded by love, laughter, and good company!",Happy,2018-06-22 14:15:00,BirthdayPartyJoyHighSchool,Instagram,#SurpriseCelebration #HighSchoolFriendship,25.0,48.0,USA,2018,6,22,14
732,736,"Organizing a virtual talent show during challenging times, bringing smiles to classmates' faces!",Happy,2020-11-15 15:15:00,VirtualTalentShowSuccessHighSchool,Instagram,#VirtualEntertainment #HighSchoolPositivity,24.0,47.0,USA,2020,11,15,15
