User,Platform,Country
 User123      , Twitter  , USA      
 CommuterX    , Twitter  , Canada   
 FitnessFan   , Instagram , USA        
 AdventureX   , Facebook , UK       
 ChefCook     , Instagram , Australia 
 GratitudeNow , Twitter  , India    
 RainyDays    , Facebook , Canada   
 MovieBuff    , Instagram , USA    
 DebateTalk   , Twitter  , USA      
 BeachLover   , Facebook , Australia 
 BloggerX     , Instagram ,USA
 WellnessCheck, Twitter  , Canada   
 UrbanExplorer, Facebook , UK       
 FitJourney   , Instagram , USA        
 TechEnthusiast, Twitter  , India    
 Reflections  , Facebook , USA      
 PetAdopter   , Instagram , Canada    
 GamerX       , Twitter  , UK       
 TechConference, Facebook ,USA
 WinterBlues  , Instagram , USA       
 Bookworm     , Twitter  , India    
 VRExplorer   , Facebook ,USA
 ProductivityPro, Instagram , USA 
 FitnessWarrior, Twitter  , UK       
 CareerMilestone, Facebook , Canada  
 BrunchBuddy  , Instagram , UK 
 LanguageLearner, Facebook , India     
 BookLover    , Instagram , Australia 
 MentalHealthMatters, Twitter  , USA      
 ArtistInAction, Facebook , Canada 
 RoadTripper  , Instagram , UK        
 SunsetWatcher, Twitter  , India    
 CodeEnthusiast, Facebook , USA 
 WorkshopAttendee, Instagram ,USA
 WinterSports  , Twitter  , Canada   
 FamilyTime   , Facebook , UK        
 MusicLover   , Instagram , USA 
 MindfulMoments, Twitter  , India    
 DessertExplorer, Facebook , Canada 
 GamingEnthusiast, Instagram ,USA
 GardenPlanner , Twitter  , USA      
 BirthdayBash , Facebook , UK 
 ProductivityWin, Instagram , India 
 MovieNight   , Twitter  , Canada   
 ArtExplorer  , Facebook , USA      
 BookwormX    , Instagram , UK   
 VRMeetup     , Twitter  , India    
 NatureLover  , Facebook , Australia 
 ChefAtHome   , Instagram , USA       
 OptimisticMindset, Twitter  , Canada   
 FitnessChallenge, Facebook , UK         
 BikeExplorer  , Instagram , USA     
 SocialJustice   , Twitter  , Canada     
 ThrillerFan     , Instagram , USA          
 EmpathyFirst    , Facebook , India      
 EcoAwareness    , Twitter  , UK         
 ProudFriend     , Instagram , USA 
 ComedyFan       , Facebook , Canada    
 LoveSpreader    , Twitter  , Australia  
 AmusedSoul      , Instagram , UK           
 BookLoverAgain  , Facebook , Canada       
 NatureAdmirer   , Twitter  , USA       
 AffectionSender , Instagram ,USA
 AweStruck       , Facebook , Australia   
 FoodieGoneWrong , Twitter  , India      
 HappySurprise   , Instagram , USA          
 AcceptanceSeeker, Facebook , Canada     
 PetAdorer       , Twitter  , UK        
 AdventureAwaits  , Instagram ,USA
 LearnFromBitter , Facebook , USA       
 ZenMaster       , Twitter  , India     
 ConfusedMind    , Instagram , UK   
 VacationDreamer , Facebook , Canada    
 KindnessPrevails, Twitter  , USA       
 PersonalAchiever, Instagram , Australia    
 ReflectiveSelf  , Facebook , India      
 AngryDebater    , Twitter  , Canada     
 FearfulDreamer  , Instagram , USA          
 FarewellHeart   , Facebook , India      
 AntiCorruption  , Twitter  , UK         
 NewParentJoy    , Instagram , UK           
 StandUpFan      , Facebook , Canada    
 LoveSender      , Twitter  , Australia  
 PetAmuser       , Instagram , UK           
 TravelExplorer  , Facebook , USA 
 CharityAdmirer  , Twitter  , USA        
 FamilyLover     , Instagram ,USA
 Stargazer       , Facebook , Australia 
 ProjectStruggle , Twitter  , India      
 JoyfulReunion   , Instagram , USA          
 LifeAcceptance  , Facebook , Canada     
 PuppyAdmirer    , Twitter  , UK         
 MovieBuff2      , Instagram , Australia    
 CustomerWoes    , Facebook , USA       
 CalmSoul        , Twitter  , India     
 ConfusedMind2   , Instagram , UK   
 BirthdayExcite  , Facebook , Canada 
 KindnessObserver, Twitter  , USA       
 FitAchiever     , Instagram , UK            
 ReflectiveSelf2 , Facebook , India     
 DiversityLover  , Twitter  , Australia 
 BookwormJoy     , Instagram , USA          
 WorkplaceWoes   , Twitter  , Canada    
 MindfulMe       , Facebook , UK        
 ConfusedMind3   , Instagram , USA   
 RoadTripper2    , Twitter  , India     
 KindnessPrevails2, Facebook , USA       
 GoalAchiever    , Instagram , Canada 
 ReflectiveSelf3 , Twitter  , UK        
 NostalgiaFan    , Twitter  , Canada    
 SportsFanatic   , Instagram , USA      
 NatureLover2    , Facebook , India       
 ZenMaster2      , Twitter  , UK          
 ThankfulHeart   , Instagram , Australia   
 OptimisticSoul  , Facebook , USA      
 CommunityLeader , Twitter  , UK       
 CharitySupporter, Instagram , Canada 
 LovingHeart     , Facebook , UK          
 ExcitementFan   , Twitter  , Australia 
 ProjectEnthusiast, Instagram , USA  
 MilestoneAchiever, Facebook , India     
 HistoryLover    , Twitter  , UK      
 JoyfulReunion2  , Instagram , Canada      
 MusicEnthusiast , Facebook , USA 
 SimpleJoys      , Twitter  , Australia 
 BookLover3      , Instagram , UK          
 SupportiveFriend, Facebook , India     
 JourneyOptimist , Twitter  , Canada    
 GrowthSeeker    , Instagram ,USA
 HolidayHelper   , Facebook , USA      
 WinterWarmth    , Twitter  , UK       
 AdventureAwaits , Instagram , Australia 
 CreativeSpirit  , Facebook , Canada    
 FitnessAchiever , Twitter  , India     
 ArtAppreciator  , Instagram , UK        
 GoalAchiever2   , Facebook , USA      
 UrbanExplorer2  , Twitter  , USA      
 BirthdayJoy     , Instagram , UK   
 HomeChef        , Facebook , India    
 MusicLover4     , Twitter  , Canada      
 CommunityLove   , Instagram , USA 
 EntrepreneurHope, Facebook , Canada    
 MentorEmpower   , Twitter  , UK       
 KindnessInAction, Instagram , Australia 
 LoveExpress     , Facebook , UK          
 TravelExcitement, Twitter  , India    
 ArtisticSpirit  , Instagram , USA       
 HelperHeart     , Facebook , Canada    
 HistoryBuff     , Twitter  , Australia 
 FitnessAchiever2, Instagram , UK           
 ProductLaunchJoy, Facebook , USA       
 LovingEmbrace   , Twitter  , India    
 SunsetWatcher2  , Instagram , Canada     
 JoyfulHeart2    , Facebook , Australia   
 GrowthOptimist  , Twitter  , UK       
 SkillEmpower    , Instagram , India   
 CharityVolunteer, Facebook , USA      
 PetLove         , Twitter  , Canada   
 FestivalFan     , Instagram , UK 
 DIYEnthusiast   , Facebook , Australia   
 PuzzleMaster    , Twitter  , India    
 NatureAdmirer   , Instagram , USA        
 ChildhoodJoy    , Facebook , Canada      
 StrugglingSoul    , Twitter  , USA          
 MourningHeart     , Instagram , Canada          
 SolitarySoul      , Facebook , UK           
 EnviousObserver   , Twitter  , India        
 BitterHeart       , Instagram , Australia     
 BlockedGoals      , Facebook , USA          
 BoredMind         , Twitter  , Canada        
 WorriedMind       , Instagram , UK           
 FearfulSoul       , Facebook , India        
 OverwhelmedHeart  , Twitter  , Australia    
 CovetousMind     , Instagram , Canada        
 RemorsefulSoul   , Facebook , UK           
 DisgustedHeart   , Twitter  , India        
 HopelessHeart    , Instagram , USA          
 TearfulSoul      , Facebook , Canada        
 IsolatedMind     , Twitter  , UK            
 SelfDoubt        , Instagram , India         
 BrokenTrust      , Facebook , Australia    
 ExplosiveMind    , Twitter  , USA          
 MundaneHeart     , Instagram , Canada        
 RestlessMind     , Facebook , UK            
 FearfulJourney   , Twitter  , India         
 OverwhelmedSoul  , Instagram , Australia    
 GreenEyedMonster , Facebook , Canada        
 RegretfulMind    , Twitter  , USA          
 CorruptedHeart   , Instagram , UK            
 DrowningSoul     , Facebook , India         
 StormyHeart      , Twitter  , Canada        
 EchoingSoul     , Instagram , Australia     
 PoisonedMind    , Facebook , USA           
 UnforgivingSoul  , Twitter  , India         
 ThunderingMind   , Instagram , UK            
 StagnantHeart    , Facebook , Canada        
 InquisitiveMind   , Twitter  , USA          
 ApatheticObserver , Instagram , Canada          
 SeekingClarity    , Facebook , UK           
 EmotionallyDistant , Twitter  , India        
 SunsetDreamer     , Instagram , Australia     
 MemoryLaneTraveler , Facebook , USA          
 MixedFeelings     , Twitter  , Canada        
 ZenLifestyle      , Instagram , UK           
 ResilientSpirit   , Facebook , India        
 NatureSoul        , Twitter  , Australia    
 EternalLearner    , Instagram , USA          
 AloofObserver     , Facebook , Canada        
 ThoughtExplorer   , Twitter  , UK            
 StoicSoul         , Instagram , Australia     
 DreamerInSilence  , Facebook , India         
 JournalKeeper     , Twitter  , Canada        
 ThreadWeaver      , Instagram , UK            
 SelfLoveAdvocate  , Facebook , Australia    
 DreamChaser       , Twitter  , USA          
 OceanSoul         , Instagram , Canada        
 HorizonExplorer   , Facebook , India         
 NonchalantSpirit  , Twitter  , UK            
 ComplexThinker    , Instagram , Australia    
 ShieldedHeart     , Facebook , USA          
 SymphonySoul      , Twitter  , Canada        
 YearbookExplorer  , Instagram , India         
 DecisiveDilemma   , Facebook , Australia    
 ImperfectHarmony  , Twitter  , Canada        
 VisionarySpirit   , Instagram , UK            
 ForestDreamer     , Facebook , USA          
 SilentSpectator   , Instagram , India         
 MazeNavigator     , Facebook , Australia    
 ResilientFortress , Twitter  , UK            
 CanvasDreamer     , Instagram , USA          
 DiaryExplorer     , Facebook , Canada        
 CrossroadsTraveler , Twitter  , India         
 MosaicDreamer     , Instagram , Australia     
 PathfinderSpirit  , Facebook , USA          
 RaindropHarmony   , Twitter  , Canada        
 SeekerOfUnknowns  , Instagram , UK            
 NonchalantWanderer, Facebook , India         
 ShadowedSeeker    , Twitter  , Australia    
 TurbulentShield   , Instagram , Canada        
 WistfulPainter    , Facebook , UK            
 TaleWeaver        , Twitter  , USA          
 CrossroadsExplorer, Instagram , Canada        
 MosaicArtist      , Facebook , Australia    
 DreamSculptor     , Twitter  , UK            
 MoonlitSoul       , Instagram , USA          
 FearlessExplorer  , Facebook , India         
 TurbulentShield , Instagram , Canada 
 JoyfulDancer , Twitter , USA 
 SereneBasker , Facebook , Australia 
 DreamPainter , Instagram , India 
 OakAchiever , Twitter , Canada 
 HeartGardener , Facebook , USA 
 ThreadWeaver , Instagram , UK 
 CloudCaretaker , Twitter , Australia 
 RainDancer , Facebook , Canada 
 SkyPainter , Instagram , India 
 PhoenixExplorer , Twitter , UK 
 SunriseNavigator , Facebook , USA 
 SandStrider , Instagram , Australia 
 NightSerenader , Twitter , Canada 
 KnowledgeSeeker , Instagram , USA 
 BreezeWaltzer , Facebook , UK 
 StarNavigator , Twitter , Australia 
 MeadowSprinter , Instagram , India 
 RainNurturer , Facebook , Canada 
 PeakConqueror , Twitter , USA 
 DawnGardener , Instagram , UK 
 CarnivalDreamer , Facebook , Australia 
 SkyArtist , Twitter , India 
 RiverNavigator , Instagram , Canada 
 LanternWanderer , Facebook , USA 
 DreamSoarer , Twitter , UK 
 SunsetAdmirer , Instagram , Australia 
 DanceStrider , Facebook , Canada 
 WindWhisperer , Twitter , India 
 JugglingArtist , Instagram , USA 
 StarStoryteller , Facebook , UK 
 WaveNavigator , Twitter , Australia 
 RainNurturer , Instagram , Canada 
 PeakConqueror , Twitter , USA 
 DawnGardener , Instagram , UK 
 CarnivalDreamer , Facebook , Australia 
 SkyArtist , Twitter , India 
 RiverNavigator , Instagram , Canada 
 LanternWanderer , Facebook , USA 
 DreamSoarer , Twitter , UK 
 SunsetAdmirer , Instagram , Australia 
 DanceStrider , Facebook , Canada 
 WindWhisperer , Twitter , India 
 JugglingArtist , Instagram , USA 
 StarStoryteller , Facebook , UK 
 WaveNavigator , Twitter , Australia 
 RainNurturer , Instagram , Canada 
 PeakConqueror , Twitter , USA 
 DawnGardener , Instagram , India 
 CarnivalDreamer , Facebook , Australia 
 ShatteredHeart , Instagram , Canada 
 VenomousSoul , Facebook , UK 
 DesertWanderer , Twitter , USA 
 ColdEmbrace , Instagram , Australia 
 NightPrisoner , Facebook , India 
 TightropeWalker , Twitter , UK 
 AtlasBearer , Instagram , Canada 
 GreenMonster , Facebook , USA 
 StormSurvivor , Twitter , Australia 
 PuzzleComposer , Instagram , India 
 GildedHeartache , Facebook , USA 
 IndifferentFort , Twitter , UK 
 DreamMosaic , Instagram , Canada 
 NocturnalEcho , Facebook , Australia 
 DarkWhispers , Twitter , UK 
 LingeringTaste , Instagram , India 
 TempestSurvivor , Facebook , USA 
 VenomousHeart , Twitter , Australia 
 FragileTrust , Instagram , Canada 
 BrokenThreads , Facebook , UK 
 SuccessPill , Twitter , USA 
 CurtainShield , Instagram , Australia 
 FoggyLabyrinth , Facebook , Canada 
 IcyResentment , Twitter , UK 
 SolitaryMoon , Instagram , USA 
 VanishedSunset , Facebook , Australia 
 NightPrisoner , Twitter , India 
 WindWhisperer , Instagram , Canada 
 MazeExplorer , Facebook , USA 
 WoundedGarden , Twitter , UK 
 RuinedHeart , Instagram , Australia 
 KnotUntangler , Facebook , India 
 ElusiveKeys , Twitter , USA 
 IndifferentFort , Instagram , Australia 
 DreamMosaic , Twitter , Canada 
 NocturnalEcho , Facebook , Australia 
 NatureAdmirer  , Instagram , USA               
 GoalPursuer    , Twitter  , Canada            
 MemoryLane     , Facebook , UK                
 CultureEnthusiast , Instagram , India              
 RainWatcher    , Twitter  , Australia          
 PersonalJourney , Facebook , USA               
 VacationDreamer , Instagram , France            
 LifeLearner   , Twitter  , Brazil            
 FarewellSender , Instagram , Japan             
 HistoryExplorer , Facebook , Greece            
 CraftEnthusiast , Instagram , USA               
 WinterLover     , Twitter  , Canada            
 SunsetWatcher   , Instagram , UK                
 FitnessJunkie   , Facebook , Australia          
 CoffeeLover     , Twitter  , India             
 HikingExplorer  , Instagram , USA               
 KittyObserver   , Facebook , Canada            
 Stargazer       , Twitter  , UK                
 FriendshipRenewal , Instagram , India             
 CelebrationPlanner , Facebook , Australia          
 DIYEnthusiast   , Twitter  , USA               
 CommunityHelper , Instagram , UK                
 GardenEnthusiast , Facebook , Canada            
 Wanderlust      , Twitter  , India             
 GrowthSeeker    , Instagram , USA               
 ChildhoodMemories , Facebook , Australia          
 CultureExplorer , Twitter  , UK                
 PublicSpeaker   , Instagram , USA               
 FamilyCelebration , Facebook , Canada            
 LifelongLearner , Twitter  , India             
 CityExplorer    , Instagram , UK                
 FitnessAchiever , Facebook , Australia          
 RainbowChaser   , Twitter  , USA               
 FutureOptimist  , Instagram , Canada            
 CareerAchiever  , Facebook , UK                
 SunnyDayEnthusiast , Twitter  , India             
 Bookworm        , Instagram , USA               
 ArchaeologyEnthusiast , Facebook , Australia          
 NightSkyObserver , Instagram , Brazil           
 ArtConnoisseur  , Twitter  , France           
 PlayfulParent   , Facebook , Japan            
 ZenSeeker       , Instagram , Canada           
 SkyDreamer      , Twitter  , Australia         
 DanceEnthusiast , Facebook , UK               
 FairyTaleExplorer , Instagram , USA             
 RuinsExplorer   , Twitter  , Greece           
 RollercoasterFan , Facebook , Germany         
 MusicHarmonist  , Instagram , Sweden          
 StudioArtist    , Twitter  , Italy           
 SpringEnthusiast , Facebook , Netherlands     
 CosmosExplorer  , Instagram , South Africa    
 SeaBreezeLover , Twitter  , Spain           
 ForestDreamer   , Facebook , Portugal        
 WinterWarmth    , Instagram , Switzerland     
 FamilyGatherer , Facebook , Austria         
 CulinaryExplorer , Twitter  , Belgium         
 PuzzleSolver    , Instagram , Denmark         
 CathedralVisitor , Facebook , Czech Republic  
 NightSkyObserver , Instagram , Brazil           
 MusicLover      , Twitter  , France           
 CarnivalGoer    , Facebook , Japan            
 MindfulExplorer , Instagram , Canada           
 CoastalExplorer , Twitter  , Australia         
 MasqueradeAttendee , Facebook , UK               
 FairyTaleAdventurer , Instagram , USA             
 RuinsExplorer   , Twitter  , Greece           
 ThrillSeeker    , Facebook , Germany         
 MusicHarmonist  , Instagram , Sweden          
 StudioArtist    , Twitter  , Italy           
 SpringEnthusiast , Facebook , Netherlands     
 CosmosExplorer  , Instagram , South Africa    
 SeaBreezeLover , Twitter  , Spain           
 ForestDreamer   , Facebook , Portugal        
 WinterWarmth    , Instagram , Switzerland     
 FamilyGatherer , Facebook , Austria         
 CulinaryExplorer , Twitter  , Belgium         
 PuzzleSolver    , Instagram , Denmark         
 CathedralVisitor , Facebook , Czech Republic  
 ArchaeologyEnthusiast , Instagram , Australia 
 SnowfallEnthusiast , Twitter  , Canada         
 BreadLover     , Instagram , France          
 NatureResilient , Facebook , USA             
 Bookworm       , Twitter  , UK              
 FamilyHistorian , Instagram , India          
 NightSkyWatcher , Facebook , Australia      
 TeaEnthusiast  , Twitter  , Japan           
 MarketExplorer , Instagram , Brazil          
 LakesideRetreater , Facebook , Germany       
 LostInLove      , Instagram , USA             
 SolitudeSeeker , Twitter  , Canada          
 FriendshipsEnd  , Facebook , UK              
 LostInDarkness  , Instagram , Australia        
 BrokenTrust     , Twitter  , Germany         
 SilentSufferer  , Facebook , Brazil          
 StormyFeelings  , Instagram , India          
 LingeringGhost  , Twitter  , France         
 EchoesOfLoss    , Facebook , Italy         
 WinterOfEmotions , Instagram , Japan       
 ShatteredHopes  , Twitter  , Spain        
 AbyssOfTime     , Facebook , Netherlands  
 SolitaryDescent , Instagram , South Africa 
 SerenadeOfSolitude , Twitter , UK         
 PoisonedHeart   , Facebook , Australia   
 WearySoulCrushed , Instagram , Canada     
 StringsOfSorrow , Twitter  , Germany     
 SoulInShadow    , Facebook , USA         
 WhisperedDespair , Instagram , France    
 DreamsInWind    , Twitter  , Brazil     
 DreamEchoes , Twitter , Australia 
 RemorseWalker , Instagram , Canada 
 JoyLabyrinth , Facebook , USA 
 SolitudeSeas , Twitter , UK 
 PalateStainer , Instagram , Germany 
 HopeRuins , Facebook , Brazil 
 OceanSinker , Twitter , France 
 InkJournalist , Instagram , India 
 TrustWasteland , Facebook , Italy 
 DreamTightrope , Twitter , Japan 
 EchoedLaughter , Instagram , South Africa 
 PossibilityGhost , Twitter , Spain 
 EndlessLabyrinth , Facebook , Australia 
 RiverOfSorrow , Instagram , Canada 
 DreamGardener , Twitter , UK 
 CurrencyOfTears , Facebook , USA 
 MazeWanderer , Instagram , Germany 
 StormSeeker , Twitter , Brazil 
 TapestrySorrow , Facebook , India 
 WitheredRose , Instagram , France 
 LoveSongEcho , Instagram , Japan 
 MoonlitMemories , Twitter , Italy 
 SymphonyOfTears , Facebook , Germany 
 VenomousGarden , Instagram , Canada 
 QuicksandFighter , Twitter , USA 
 DreamCemetery , Facebook , France 
 RegretRiver , Instagram , UK 
 HeartAttic , Twitter , Australia 
 PromiseGallery , Facebook , Brazil 
 EchoedConversation , Instagram , Spain 
 SunshineDancer , Instagram , USA 
 EchoedLaughter , Twitter , Canada 
 GardenOfJoy , Facebook , UK 
 DreamChaser , Instagram , Australia 
 StarSerenader , Twitter , India 
 GlowAchiever , Facebook , Germany 
 DanceHarmony , Instagram , France 
 LaughterCup , Twitter , Japan 
 QuiltedCompassion , Facebook , Brazil 
 FriendshipGarden , Instagram , South Africa 
 MelodyOfLove , Twitter , USA 
 ColorfulLaughter , Instagram , Canada 
 SymphonyFervor , Facebook , UK 
 WrappedDelight , Twitter , Australia 
 MazeDiscovery , Instagram , India 
 CloudsOfBlessings , Facebook , Germany 
 CometCreativity , Twitter , France 
 FireworksTriumph , Instagram , Japan 
 LaughterSymphony , Facebook , Brazil 
 EmotionCarnival , Instagram , South Africa 
 ParisDreamer , Twitter , France 
 DisneylandExplorer , Instagram , USA 
 FerrariSpeedster , Facebook , Italy 
 KeukenhofAdventurer , Instagram , Netherlands 
 KyotoAdventurer , Twitter , Japan 
 CanyonMarveler , Instagram , USA 
 SantoriniTraveler , Facebook , Greece 
 PetraExplorer , Twitter , Jordan 
 VeniceRomantic , Instagram , Italy 
 MachuPicchuAdventurer , Facebook , Peru 
 TimesSquareExplorer , Instagram , USA 
 ColosseumAdventurer , Twitter , Italy 
 MaldivesSailor , Facebook , Maldives 
 AmazonExplorer , Instagram , Brazil 
 GreatWallWalker , Twitter , China 
 FujiSummitAchiever , Facebook , Japan 
 AngkorWatAdventurer , Instagram , Cambodia 
 AlpsSkiAdventurer , Twitter , Switzerland 
 KyotoBambooSeeker , Facebook , Japan 
 NorwayFjordExplorer , Instagram , Norway 
 AdeleConcertGoer , Instagram , USA 
 BeyonceDancer , Twitter , USA 
 SwiftieDreamer , Facebook , USA 
 QueenTributeFan , Instagram , UK 
 SheeranMelodyLover , Twitter , UK 
 MarsJoyExplorer , Facebook , USA 
 MJTributeDancer , Instagram , USA 
 SinatraCharmListener , Twitter , USA 
 MetallicaMoshWarrior , Facebook , USA 
 ColdplayHopeSeeker , Instagram , UK 
 BieberDanceEnthusiast , Instagram , Canada 
 GagaArtisticChameleon , Twitter , USA 
 AdeleMelodyTearjerker , Facebook , UK 
 KatyPerryColorExplosion , Instagram , USA 
 JayZEmpireListener , Twitter , USA 
 ShakiraHipsDancer , Facebook , Colombia 
 U2ConnectionSeeker , Instagram , Ireland 
 GunsNRosesRiffRockstar , Twitter , USA 
 ArianaEuphoriaChaser , Facebook , USA 
 MarleyReggaeTraveler , Instagram , Jamaica 
 MovieEnthusiastPremiereAttendee , Twitter , USA 
 FilmLoverNostalgiaSeeker , Instagram , UK 
 WebSeriesViewerCharacterConnection , Facebook , Canada 
 IndieFilmmakerFestivalSuccess , Twitter , Australia 
 DramaEnthusiastHeartwarmingMoments , Instagram , India 
 AwardWinningActorOscarsRecipient , Facebook , USA 
 DocumentaryEnthusiastHiddenGemFinder , Twitter , France 
 FilmBuffContemplativeViewer , Instagram , Germany 
 CrimeSeriesEnthusiastThrillSeeker , Facebook , Japan 
 FilmCriticSatisfactionSeeker , Twitter , Brazil 
 FootballFanWorldCupCelebration , Instagram , Brazil 
 OlympicsEnthusiastGoldMedalWinner , Twitter , USA 
 CricketFanChampionshipThrills , Facebook , India 
 MarathonSpectatorRecordBreaking , Instagram , Kenya 
 TennisEnthusiastGrandSlamDrama , Twitter , UK 
 BasketballFanUnderdogTriumph , Facebook , USA 
 GolfEnthusiastPrecisionVictory , Instagram , Scotland 
 F1FanHighSpeedRaceExcitement , Twitter , Germany 
 CyclingEnthusiastWorldChampion , Facebook , Italy 
 HockeyFanComebackVictory , Instagram , Canada 
 SoccerFanTeamDefeats , Twitter , Brazil 
 TennisEnthusiastUnexpectedSetback , Instagram , USA 
 BoxingFanChampionshipDefeat , Facebook , UK 
 CyclingEnthusiastTireBlowout , Twitter , France 
 GymnasticsFanRoutineFall , Instagram , Japan 
 GolfEnthusiastMissedPutt , Facebook , USA 
 BasketballFanTeamLosses , Twitter , Canada 
 SwimmingEnthusiastRaceSetback , Instagram , Australia 
 WeightliftingFanFailedRecord , Facebook , Germany 
 SoccerPlayerOwnGoalMoment , Twitter , Spain 
 NatureEnthusiastSunsetWonder , Instagram , Canada 
 TravelEnthusiastRoadTripDiscovery , Twitter , USA 
 UrbanExplorerCafeSolitude , Facebook , France 
 ArtEnthusiastStreetArtExploration , Instagram , Brazil 
 ScienceEnthusiastDiscoveryMoment , Twitter , Germany 
 MusicLoverLiveOrchestraExperience , Facebook , UK 
 HomeBakerDeliciousMemories , Instagram , India 
 HistoryBuffMuseumExploration , Twitter , Italy 
 BookwormCaptivatingNovelEscape , Facebook , Japan 
 PhotographyEnthusiastMarketMoments , Instagram , Australia 
 DanceEnthusiastCityNightPerformance , Twitter , USA 
 FoodieMarketStreetFoodExploration , Instagram , Thailand 
 SnowLoverWinterEnthusiast , Facebook , Canada 
 MysteryBookwormSuspensefulRead , Twitter , UK 
 GardeningEnthusiastFlowerGarden , Instagram , Australia 
 AstronomyEnthusiastStargazing , Facebook , USA 
 CoffeeLoverWritersRetreat , Twitter , France 
 FashionEnthusiastDesignerShowcase , Instagram , Italy 
 SurfingEnthusiastWaveRider , Facebook , Brazil 
 HistoryExplorerAncientCityTour , Twitter , Greece 
 CrushAvoider , Twitter , USA
 MovieBuff , Instagram , Canada
 SelfieAddict , Facebook , UK
 AudioExplorer , Twitter , USA
 MemeCreator , Instagram , Canada
 FashionBlunder , Facebook , USA
 GroupGenius , Twitter , UK
 ChipExplorer , Instagram , Canada
 ExcitementSeeker , Facebook , USA
 NightReader , Twitter , UK
 GamingEnthusiast , Instagram , USA
 LazyWatcher , Facebook , Canada
 TrendExplorer , Twitter , USA
 MusicalExplorer , Instagram , UK
 MusicAficionado , Facebook , Canada
 HomeChef , Twitter , USA
 AdventureSeeker , Instagram , UK
 DanceEnthusiast , Facebook , Canada
 NostalgiaExplorer , Twitter , USA
 HomeDecorator , Instagram , UK
 ArtExplorer , Facebook , USA
 ThoughtfulBlogger , Twitter , Canada
 NovelEnthusiast , Instagram , USA
 WiseSoul , Twitter , UK
 ArtAdventurer , Facebook , Canada
 HomeChefSenior , Instagram , USA
 LinguisticExplorer , Twitter , UK
 MusicConnoisseur , Facebook , Canada
 PhotographySenior , Instagram , USA
 TeaTimeSenior , Twitter , UK
 RoadTripSenior , Facebook , Canada
 ChoirEnthusiast , Instagram , USA
 MeditationSenior , Twitter , UK
 GardenEnthusiast , Facebook , USA
 WineConnoisseur , Instagram , UK
 ArtisticSenior , Twitter , Canada
 MemoiristSenior , Facebook , USA
 HistoryEnthusiast , Instagram , UK
 FamilyChefSenior , Twitter , USA
 NaturePhotographySenior , Facebook , UK
 JazzMusicLover , Instagram , USA
 SeniorWordsmith , Twitter , UK
 SoloAdventurer , Instagram , USA
 CarEnthusiastSenior , Facebook , UK
 GreenThumbSenior , Twitter , Canada
 FamilyHostSenior , Instagram , USA
 DanceEnthusiastSenior , Twitter , UK
 ArtGalleryVisitor , Facebook , USA
 SeniorBookClub , Instagram , UK
 SeniorPicnicHost , Twitter , Canada
 SeniorActor , Facebook , USA
 SeniorHikerExplorer , Instagram , UK
 SeniorPhotographerExhibitor , Twitter , Canada
 SeniorCyclingEnthusiast , Facebook , USA
 SeniorWineConnoisseur , Instagram , UK
 SeniorBallroomDancer , Twitter , USA
 SeniorPaintingOrganizer , Facebook , Canada
 SeniorMemoriesHost , Instagram , USA
 SeniorStargazer , Twitter , UK
 SeniorJazzFestivalGoer , Facebook , USA
 WisdomBloggerSenior , Instagram , UK
 SeniorCharityRunner , Twitter , Canada
 PhysicsWhizHighSchool , Instagram , USA
 CodeExplorerHighSchool , Twitter , UK
 DebateWarriorHighSchool , Facebook , Canada
 PhotoClubHighSchool , Instagram , USA
 PromDreamerHighSchool , Twitter , Canada
 OutdoorClassHighSchool , Facebook , USA
 PaintSpillHighSchool , Instagram , UK
 SkateProHighSchool , Twitter , Canada
 KpopFangirlHighSchool , Facebook , USA
 ChemistryWizardHighSchool , Instagram , UK
 BirthdayPartyPlannerHighSchool , Twitter , Canada
 DramaClubStarHighSchool , Facebook , USA
 FantasyBookNerdHighSchool , Instagram , UK
 DoodleMasterHighSchool , Twitter , USA
 HandstandChallengeHighSchool , Facebook , Canada
 SnackSmugglerHighSchool , Instagram , USA
 SleepoverHostHighSchool , Twitter , UK
 TikTokFailHighSchool , Facebook , USA
 SocialMediaBlunderHighSchool , Instagram , UK
 CrushFailHighSchool , Twitter , Canada
 PaperPlaneExpertHighSchool , Instagram , USA
 JugglingProHighSchool , Facebook , Canada
 SnackNinjaHighSchool , Twitter , USA
 ScavengerHuntMasterHighSchool , Instagram , UK
 RainDanceCelebrationHighSchool , Facebook , Canada
 GroupChatBlunderHighSchool , Twitter , USA
 MagicFailHighSchool , Instagram , UK
 OrigamiProHighSchool , Twitter , USA
 HackySackChampionHighSchool , Instagram , Canada
 SecretHandshakeHighSchool , Facebook , USA
 BurgerQuestHighSchool , Twitter , UK
 ComedyGeniusHighSchool , Instagram , Canada
 LoveLetterBlunderHighSchool , Facebook , USA
 ScienceExperimentProHighSchool , Twitter , UK
 BraceletCraftsmanHighSchool , Instagram , USA
 CartwheelMasterHighSchool , Twitter , Canada
 MovieMarathonHostHighSchool , Facebook , UK
 HairColorExperimentHighSchool , Instagram , USA
 TimeCapsuleCreatorHighSchool , Facebook , Canada
 ClassroomBlunderHighSchool , Twitter , USA
 SmoothieConnoisseurHighSchool , Instagram , UK
 OverwhelmedHighSchoolStudent , Twitter , USA
 DealingWithHateHighSchool , Instagram , Canada
 ToughDayHighSchool , Facebook , UK
 SportsTeamRejectionHighSchool , Twitter , USA
 CafeteriaConflictHighSchool , Instagram , Canada
 ProjectGradeDisappointmentHighSchool , Facebook , UK
 PersonalSetbackHighSchool , Twitter , USA
 LonelySaturdayHighSchool , Instagram , Canada
 CyberbullyingVictimHighSchool , Facebook , UK
 RainyDayBluesHighSchool , Twitter , USA
 MissedOpportunityHighSchool , Instagram , Canada
 RumorVictimHighSchool , Facebook , UK
 FlatTireWoesHighSchool , Twitter , USA
 FriendMovingAwayHighSchool , Instagram , Canada
 CollegeRejectionHighSchool , Facebook , UK
 GamingToxicityHighSchool , Twitter , USA
 BadHairDayBluesHighSchool , Instagram , Canada
 ProjectFailureDespairHighSchool , Facebook , UK
 OpinionsHateHighSchool , Twitter , USA
 TechMalfunctionWoesHighSchool , Instagram , Canada
 MissedEventBluesHighSchool , Facebook , UK
 StudyTechniqueExperimentHighSchool , Instagram , USA
 CommunityCleanupHighSchool , Twitter , Canada
 BookRecommendationsHighSchool , Facebook , UK
 BakeSaleRecipeExperimentHighSchool , Instagram , USA
 SchoolProjectCollaborationHighSchool , Twitter , Canada
 ExtracurricularExplorationHighSchool , Instagram , UK
 PartTimeJobExplorationHighSchool , Facebook , USA
 SchoolAssemblyParticipationHighSchool , Twitter , Canada
 PhotographyHobbyHighSchool , Instagram , UK
 ScienceFairParticipationHighSchool , Facebook , USA
 TimeManagementWorkshopHighSchool , Twitter , Canada
 CharityEventVolunteerHighSchool , Instagram , UK
 GroupProjectCollaborationHighSchool , Facebook , USA
 DebateClubParticipationHighSchool , Twitter , Canada
 BirthdaySurpriseHighSchool , Instagram , UK
 CodingSuccessHighSchool , Twitter , USA
 TalentShowSupportHighSchool , Facebook , Canada
 WeekendHikeHighSchool , Instagram , UK
 SportsVictoryHighSchool , Twitter , USA
 PenPalConnectionHighSchool , Facebook , Canada
 MuralCreationHighSchool , Instagram , UK
 ArtExhibitionJoyHighSchool , Instagram , USA
 TrackFieldSuccessHighSchool , Twitter , Canada
 ScienceProjectSuccessHighSchool , Facebook , UK
 BirthdayPartyJoyHighSchool , Instagram , USA
 CharityFundraisingTriumphHighSchool , Twitter , Canada
 MulticulturalFestivalJoyHighSchool , Facebook , UK
 VirtualTalentShowSuccessHighSchool , Instagram , USA
